query_id,table,column,cardinality,arm,cache,rep,execution_ms,planning_ms,wall_ms,actual_rows,plan_rows,rows_removed_by_filter,node_type,gsi_active,reader,row_groups_read,shared_hit,shared_read,value,plan_json
q1_order_id,transactions,order_id,high,gsi_off,cold,1,1643.727,17.257,1661.732,1,1,1999999,Foreign Scan,False,Multifile,48,4,0,00225d9434f9720e7869a6971fa67640,"{""Plan"":{""Node Type"":""Foreign Scan"",""Operation"":""Select"",""Parallel Aware"":false,""Async Capable"":false,""Relation Name"":""transactions"",""Alias"":""transactions"",""Startup Cost"":0.0,""Total Cost"":20000.0,""Plan Rows"":1,""Plan Width"":153,""Actual Startup Time"":753.11,""Actual Total Time"":1642.769,""Actual Rows"":1,""Actual Loops"":1,""Filter"":""((order_id)::text = '00225d9434f9720e7869a6971fa67640'::text)"",""Rows Removed by Filter"":1999999,""Reader"":""Multifile"",""Row groups"":""\n        transactions_chunk_0000.parquet: 1, 2\n        transactions_chunk_0001.parquet: 1, 2\n        transactions_chunk_0002.parquet: 1, 2\n        transactions_chunk_0003.parquet: 1, 2\n        transactions_chunk_0004.parquet: 1, 2\n        transactions_chunk_0005.parquet: 1, 2\n        transactions_chunk_0006.parquet: 1, 2\n        transactions_chunk_0007.parquet: 1, 2\n        transactions_chunk_0008.parquet: 1, 2\n        transactions_chunk_0009.parquet: 1, 2\n        transactions_chunk_0010.parquet: 1, 2\n        transactions_chunk_0011.parquet: 1, 2\n        transactions_chunk_0012.parquet: 1, 2\n        transactions_chunk_0013.parquet: 1, 2\n        transactions_chunk_0014.parquet: 1, 2\n        transactions_chunk_0015.parquet: 1, 2\n        transactions_chunk_0016.parquet: 1, 2\n        transactions_chunk_0017.parquet: 1, 2\n        transactions_chunk_0018.parquet: 1, 2\n        transactions_chunk_0019.parquet: 1, 2\n        transactions_chunk_0020.parquet: 1, 2\n        transactions_chunk_0021.parquet: 1, 2\n        transactions_chunk_0022.parquet: 1, 2\n        transactions_chunk_0023.parquet: 1, 2"",""Shared Hit Blocks"":4,""Shared Read Blocks"":0,""Shared Dirtied Blocks"":0,""Shared Written Blocks"":0,""Local Hit Blocks"":0,""Local Read Blocks"":0,""Local Dirtied Blocks"":0,""Local Written Blocks"":0,""Temp Read Blocks"":0,""Temp Written Blocks"":0,""I/O Read Time"":0.0,""I/O Write Time"":0.0,""Temp I/O Read Time"":0.0,""Temp I/O Write Time"":0.0},""Planning"":{""Shared Hit Blocks"":275,""Shared Read Blocks"":0,""Shared Dirtied Blocks"":0,""Shared Written Blocks"":0,""Local Hit Blocks"":0,""Local Read Blocks"":0,""Local Dirtied Blocks"":0,""Local Written Blocks"":0,""Temp Read Blocks"":0,""Temp Written Blocks"":0,""I/O Read Time"":0.0,""I/O Write Time"":0.0,""Temp I/O Read Time"":0.0,""Temp I/O Write Time"":0.0},""Planning Time"":17.257,""Triggers"":[],""Execution Time"":1643.727}"
q1_order_id,transactions,order_id,high,gsi_off,cold,2,1618.067,17.219,1636.025,1,1,1999999,Foreign Scan,False,Multifile,48,4,0,00225d9434f9720e7869a6971fa67640,"{""Plan"":{""Node Type"":""Foreign Scan"",""Operation"":""Select"",""Parallel Aware"":false,""Async Capable"":false,""Relation Name"":""transactions"",""Alias"":""transactions"",""Startup Cost"":0.0,""Total Cost"":20000.0,""Plan Rows"":1,""Plan Width"":153,""Actual Startup Time"":736.051,""Actual Total Time"":1617.149,""Actual Rows"":1,""Actual Loops"":1,""Filter"":""((order_id)::text = '00225d9434f9720e7869a6971fa67640'::text)"",""Rows Removed by Filter"":1999999,""Reader"":""Multifile"",""Row groups"":""\n        transactions_chunk_0000.parquet: 1, 2\n        transactions_chunk_0001.parquet: 1, 2\n        transactions_chunk_0002.parquet: 1, 2\n        transactions_chunk_0003.parquet: 1, 2\n        transactions_chunk_0004.parquet: 1, 2\n        transactions_chunk_0005.parquet: 1, 2\n        transactions_chunk_0006.parquet: 1, 2\n        transactions_chunk_0007.parquet: 1, 2\n        transactions_chunk_0008.parquet: 1, 2\n        transactions_chunk_0009.parquet: 1, 2\n        transactions_chunk_0010.parquet: 1, 2\n        transactions_chunk_0011.parquet: 1, 2\n        transactions_chunk_0012.parquet: 1, 2\n        transactions_chunk_0013.parquet: 1, 2\n        transactions_chunk_0014.parquet: 1, 2\n        transactions_chunk_0015.parquet: 1, 2\n        transactions_chunk_0016.parquet: 1, 2\n        transactions_chunk_0017.parquet: 1, 2\n        transactions_chunk_0018.parquet: 1, 2\n        transactions_chunk_0019.parquet: 1, 2\n        transactions_chunk_0020.parquet: 1, 2\n        transactions_chunk_0021.parquet: 1, 2\n        transactions_chunk_0022.parquet: 1, 2\n        transactions_chunk_0023.parquet: 1, 2"",""Shared Hit Blocks"":4,""Shared Read Blocks"":0,""Shared Dirtied Blocks"":0,""Shared Written Blocks"":0,""Local Hit Blocks"":0,""Local Read Blocks"":0,""Local Dirtied Blocks"":0,""Local Written Blocks"":0,""Temp Read Blocks"":0,""Temp Written Blocks"":0,""I/O Read Time"":0.0,""I/O Write Time"":0.0,""Temp I/O Read Time"":0.0,""Temp I/O Write Time"":0.0},""Planning"":{""Shared Hit Blocks"":275,""Shared Read Blocks"":0,""Shared Dirtied Blocks"":0,""Shared Written Blocks"":0,""Local Hit Blocks"":0,""Local Read Blocks"":0,""Local Dirtied Blocks"":0,""Local Written Blocks"":0,""Temp Read Blocks"":0,""Temp Written Blocks"":0,""I/O Read Time"":0.0,""I/O Write Time"":0.0,""Temp I/O Read Time"":0.0,""Temp I/O Write Time"":0.0},""Planning Time"":17.219,""Triggers"":[],""Execution Time"":1618.067}"
q1_order_id,transactions,order_id,high,gsi_off,cold,3,1653.53,16.467,1670.732,1,1,1999999,Foreign Scan,False,Multifile,48,4,0,00225d9434f9720e7869a6971fa67640,"{""Plan"":{""Node Type"":""Foreign Scan"",""Operation"":""Select"",""Parallel Aware"":false,""Async Capable"":false,""Relation Name"":""transactions"",""Alias"":""transactions"",""Startup Cost"":0.0,""Total Cost"":20000.0,""Plan Rows"":1,""Plan Width"":153,""Actual Startup Time"":758.708,""Actual Total Time"":1652.516,""Actual Rows"":1,""Actual Loops"":1,""Filter"":""((order_id)::text = '00225d9434f9720e7869a6971fa67640'::text)"",""Rows Removed by Filter"":1999999,""Reader"":""Multifile"",""Row groups"":""\n        transactions_chunk_0000.parquet: 1, 2\n        transactions_chunk_0001.parquet: 1, 2\n        transactions_chunk_0002.parquet: 1, 2\n        transactions_chunk_0003.parquet: 1, 2\n        transactions_chunk_0004.parquet: 1, 2\n        transactions_chunk_0005.parquet: 1, 2\n        transactions_chunk_0006.parquet: 1, 2\n        transactions_chunk_0007.parquet: 1, 2\n        transactions_chunk_0008.parquet: 1, 2\n        transactions_chunk_0009.parquet: 1, 2\n        transactions_chunk_0010.parquet: 1, 2\n        transactions_chunk_0011.parquet: 1, 2\n        transactions_chunk_0012.parquet: 1, 2\n        transactions_chunk_0013.parquet: 1, 2\n        transactions_chunk_0014.parquet: 1, 2\n        transactions_chunk_0015.parquet: 1, 2\n        transactions_chunk_0016.parquet: 1, 2\n        transactions_chunk_0017.parquet: 1, 2\n        transactions_chunk_0018.parquet: 1, 2\n        transactions_chunk_0019.parquet: 1, 2\n        transactions_chunk_0020.parquet: 1, 2\n        transactions_chunk_0021.parquet: 1, 2\n        transactions_chunk_0022.parquet: 1, 2\n        transactions_chunk_0023.parquet: 1, 2"",""Shared Hit Blocks"":4,""Shared Read Blocks"":0,""Shared Dirtied Blocks"":0,""Shared Written Blocks"":0,""Local Hit Blocks"":0,""Local Read Blocks"":0,""Local Dirtied Blocks"":0,""Local Written Blocks"":0,""Temp Read Blocks"":0,""Temp Written Blocks"":0,""I/O Read Time"":0.0,""I/O Write Time"":0.0,""Temp I/O Read Time"":0.0,""Temp I/O Write Time"":0.0},""Planning"":{""Shared Hit Blocks"":275,""Shared Read Blocks"":0,""Shared Dirtied Blocks"":0,""Shared Written Blocks"":0,""Local Hit Blocks"":0,""Local Read Blocks"":0,""Local Dirtied Blocks"":0,""Local Written Blocks"":0,""Temp Read Blocks"":0,""Temp Written Blocks"":0,""I/O Read Time"":0.0,""I/O Write Time"":0.0,""Temp I/O Read Time"":0.0,""Temp I/O Write Time"":0.0},""Planning Time"":16.467,""Triggers"":[],""Execution Time"":1653.53}"
q1_order_id,transactions,order_id,high,gsi_off,cold,4,1707.78,18.298,1726.976,1,1,1999999,Foreign Scan,False,Multifile,48,4,0,00225d9434f9720e7869a6971fa67640,"{""Plan"":{""Node Type"":""Foreign Scan"",""Operation"":""Select"",""Parallel Aware"":false,""Async Capable"":false,""Relation Name"":""transactions"",""Alias"":""transactions"",""Startup Cost"":0.0,""Total Cost"":20000.0,""Plan Rows"":1,""Plan Width"":153,""Actual Startup Time"":765.569,""Actual Total Time"":1706.716,""Actual Rows"":1,""Actual Loops"":1,""Filter"":""((order_id)::text = '00225d9434f9720e7869a6971fa67640'::text)"",""Rows Removed by Filter"":1999999,""Reader"":""Multifile"",""Row groups"":""\n        transactions_chunk_0000.parquet: 1, 2\n        transactions_chunk_0001.parquet: 1, 2\n        transactions_chunk_0002.parquet: 1, 2\n        transactions_chunk_0003.parquet: 1, 2\n        transactions_chunk_0004.parquet: 1, 2\n        transactions_chunk_0005.parquet: 1, 2\n        transactions_chunk_0006.parquet: 1, 2\n        transactions_chunk_0007.parquet: 1, 2\n        transactions_chunk_0008.parquet: 1, 2\n        transactions_chunk_0009.parquet: 1, 2\n        transactions_chunk_0010.parquet: 1, 2\n        transactions_chunk_0011.parquet: 1, 2\n        transactions_chunk_0012.parquet: 1, 2\n        transactions_chunk_0013.parquet: 1, 2\n        transactions_chunk_0014.parquet: 1, 2\n        transactions_chunk_0015.parquet: 1, 2\n        transactions_chunk_0016.parquet: 1, 2\n        transactions_chunk_0017.parquet: 1, 2\n        transactions_chunk_0018.parquet: 1, 2\n        transactions_chunk_0019.parquet: 1, 2\n        transactions_chunk_0020.parquet: 1, 2\n        transactions_chunk_0021.parquet: 1, 2\n        transactions_chunk_0022.parquet: 1, 2\n        transactions_chunk_0023.parquet: 1, 2"",""Shared Hit Blocks"":4,""Shared Read Blocks"":0,""Shared Dirtied Blocks"":0,""Shared Written Blocks"":0,""Local Hit Blocks"":0,""Local Read Blocks"":0,""Local Dirtied Blocks"":0,""Local Written Blocks"":0,""Temp Read Blocks"":0,""Temp Written Blocks"":0,""I/O Read Time"":0.0,""I/O Write Time"":0.0,""Temp I/O Read Time"":0.0,""Temp I/O Write Time"":0.0},""Planning"":{""Shared Hit Blocks"":275,""Shared Read Blocks"":0,""Shared Dirtied Blocks"":0,""Shared Written Blocks"":0,""Local Hit Blocks"":0,""Local Read Blocks"":0,""Local Dirtied Blocks"":0,""Local Written Blocks"":0,""Temp Read Blocks"":0,""Temp Written Blocks"":0,""I/O Read Time"":0.0,""I/O Write Time"":0.0,""Temp I/O Read Time"":0.0,""Temp I/O Write Time"":0.0},""Planning Time"":18.298,""Triggers"":[],""Execution Time"":1707.78}"
q1_order_id,transactions,order_id,high,gsi_off,cold,5,1682.334,18.846,1701.985,1,1,1999999,Foreign Scan,False,Multifile,48,4,0,00225d9434f9720e7869a6971fa67640,"{""Plan"":{""Node Type"":""Foreign Scan"",""Operation"":""Select"",""Parallel Aware"":false,""Async Capable"":false,""Relation Name"":""transactions"",""Alias"":""transactions"",""Startup Cost"":0.0,""Total Cost"":20000.0,""Plan Rows"":1,""Plan Width"":153,""Actual Startup Time"":773.448,""Actual Total Time"":1681.416,""Actual Rows"":1,""Actual Loops"":1,""Filter"":""((order_id)::text = '00225d9434f9720e7869a6971fa67640'::text)"",""Rows Removed by Filter"":1999999,""Reader"":""Multifile"",""Row groups"":""\n        transactions_chunk_0000.parquet: 1, 2\n        transactions_chunk_0001.parquet: 1, 2\n        transactions_chunk_0002.parquet: 1, 2\n        transactions_chunk_0003.parquet: 1, 2\n        transactions_chunk_0004.parquet: 1, 2\n        transactions_chunk_0005.parquet: 1, 2\n        transactions_chunk_0006.parquet: 1, 2\n        transactions_chunk_0007.parquet: 1, 2\n        transactions_chunk_0008.parquet: 1, 2\n        transactions_chunk_0009.parquet: 1, 2\n        transactions_chunk_0010.parquet: 1, 2\n        transactions_chunk_0011.parquet: 1, 2\n        transactions_chunk_0012.parquet: 1, 2\n        transactions_chunk_0013.parquet: 1, 2\n        transactions_chunk_0014.parquet: 1, 2\n        transactions_chunk_0015.parquet: 1, 2\n        transactions_chunk_0016.parquet: 1, 2\n        transactions_chunk_0017.parquet: 1, 2\n        transactions_chunk_0018.parquet: 1, 2\n        transactions_chunk_0019.parquet: 1, 2\n        transactions_chunk_0020.parquet: 1, 2\n        transactions_chunk_0021.parquet: 1, 2\n        transactions_chunk_0022.parquet: 1, 2\n        transactions_chunk_0023.parquet: 1, 2"",""Shared Hit Blocks"":4,""Shared Read Blocks"":0,""Shared Dirtied Blocks"":0,""Shared Written Blocks"":0,""Local Hit Blocks"":0,""Local Read Blocks"":0,""Local Dirtied Blocks"":0,""Local Written Blocks"":0,""Temp Read Blocks"":0,""Temp Written Blocks"":0,""I/O Read Time"":0.0,""I/O Write Time"":0.0,""Temp I/O Read Time"":0.0,""Temp I/O Write Time"":0.0},""Planning"":{""Shared Hit Blocks"":265,""Shared Read Blocks"":0,""Shared Dirtied Blocks"":0,""Shared Written Blocks"":0,""Local Hit Blocks"":0,""Local Read Blocks"":0,""Local Dirtied Blocks"":0,""Local Written Blocks"":0,""Temp Read Blocks"":0,""Temp Written Blocks"":0,""I/O Read Time"":0.0,""I/O Write Time"":0.0,""Temp I/O Read Time"":0.0,""Temp I/O Write Time"":0.0},""Planning Time"":18.846,""Triggers"":[],""Execution Time"":1682.334}"
q1_order_id,transactions,order_id,high,gsi_off,warm,1,1590.513,1.918,1592.792,1,1,1999999,Foreign Scan,False,Multifile,48,0,0,00225d9434f9720e7869a6971fa67640,"{""Plan"":{""Node Type"":""Foreign Scan"",""Operation"":""Select"",""Parallel Aware"":false,""Async Capable"":false,""Relation Name"":""transactions"",""Alias"":""transactions"",""Startup Cost"":0.0,""Total Cost"":20000.0,""Plan Rows"":1,""Plan Width"":153,""Actual Startup Time"":717.278,""Actual Total Time"":1589.636,""Actual Rows"":1,""Actual Loops"":1,""Filter"":""((order_id)::text = '00225d9434f9720e7869a6971fa67640'::text)"",""Rows Removed by Filter"":1999999,""Reader"":""Multifile"",""Row groups"":""\n        transactions_chunk_0000.parquet: 1, 2\n        transactions_chunk_0001.parquet: 1, 2\n        transactions_chunk_0002.parquet: 1, 2\n        transactions_chunk_0003.parquet: 1, 2\n        transactions_chunk_0004.parquet: 1, 2\n        transactions_chunk_0005.parquet: 1, 2\n        transactions_chunk_0006.parquet: 1, 2\n        transactions_chunk_0007.parquet: 1, 2\n        transactions_chunk_0008.parquet: 1, 2\n        transactions_chunk_0009.parquet: 1, 2\n        transactions_chunk_0010.parquet: 1, 2\n        transactions_chunk_0011.parquet: 1, 2\n        transactions_chunk_0012.parquet: 1, 2\n        transactions_chunk_0013.parquet: 1, 2\n        transactions_chunk_0014.parquet: 1, 2\n        transactions_chunk_0015.parquet: 1, 2\n        transactions_chunk_0016.parquet: 1, 2\n        transactions_chunk_0017.parquet: 1, 2\n        transactions_chunk_0018.parquet: 1, 2\n        transactions_chunk_0019.parquet: 1, 2\n        transactions_chunk_0020.parquet: 1, 2\n        transactions_chunk_0021.parquet: 1, 2\n        transactions_chunk_0022.parquet: 1, 2\n        transactions_chunk_0023.parquet: 1, 2"",""Shared Hit Blocks"":0,""Shared Read Blocks"":0,""Shared Dirtied Blocks"":0,""Shared Written Blocks"":0,""Local Hit Blocks"":0,""Local Read Blocks"":0,""Local Dirtied Blocks"":0,""Local Written Blocks"":0,""Temp Read Blocks"":0,""Temp Written Blocks"":0,""I/O Read Time"":0.0,""I/O Write Time"":0.0,""Temp I/O Read Time"":0.0,""Temp I/O Write Time"":0.0},""Planning"":{""Shared Hit Blocks"":2,""Shared Read Blocks"":0,""Shared Dirtied Blocks"":0,""Shared Written Blocks"":0,""Local Hit Blocks"":0,""Local Read Blocks"":0,""Local Dirtied Blocks"":0,""Local Written Blocks"":0,""Temp Read Blocks"":0,""Temp Written Blocks"":0,""I/O Read Time"":0.0,""I/O Write Time"":0.0,""Temp I/O Read Time"":0.0,""Temp I/O Write Time"":0.0},""Planning Time"":1.918,""Triggers"":[],""Execution Time"":1590.513}"
q1_order_id,transactions,order_id,high,gsi_off,warm,2,1610.432,2.061,1612.846,1,1,1999999,Foreign Scan,False,Multifile,48,0,0,00225d9434f9720e7869a6971fa67640,"{""Plan"":{""Node Type"":""Foreign Scan"",""Operation"":""Select"",""Parallel Aware"":false,""Async Capable"":false,""Relation Name"":""transactions"",""Alias"":""transactions"",""Startup Cost"":0.0,""Total Cost"":20000.0,""Plan Rows"":1,""Plan Width"":153,""Actual Startup Time"":730.072,""Actual Total Time"":1609.373,""Actual Rows"":1,""Actual Loops"":1,""Filter"":""((order_id)::text = '00225d9434f9720e7869a6971fa67640'::text)"",""Rows Removed by Filter"":1999999,""Reader"":""Multifile"",""Row groups"":""\n        transactions_chunk_0000.parquet: 1, 2\n        transactions_chunk_0001.parquet: 1, 2\n        transactions_chunk_0002.parquet: 1, 2\n        transactions_chunk_0003.parquet: 1, 2\n        transactions_chunk_0004.parquet: 1, 2\n        transactions_chunk_0005.parquet: 1, 2\n        transactions_chunk_0006.parquet: 1, 2\n        transactions_chunk_0007.parquet: 1, 2\n        transactions_chunk_0008.parquet: 1, 2\n        transactions_chunk_0009.parquet: 1, 2\n        transactions_chunk_0010.parquet: 1, 2\n        transactions_chunk_0011.parquet: 1, 2\n        transactions_chunk_0012.parquet: 1, 2\n        transactions_chunk_0013.parquet: 1, 2\n        transactions_chunk_0014.parquet: 1, 2\n        transactions_chunk_0015.parquet: 1, 2\n        transactions_chunk_0016.parquet: 1, 2\n        transactions_chunk_0017.parquet: 1, 2\n        transactions_chunk_0018.parquet: 1, 2\n        transactions_chunk_0019.parquet: 1, 2\n        transactions_chunk_0020.parquet: 1, 2\n        transactions_chunk_0021.parquet: 1, 2\n        transactions_chunk_0022.parquet: 1, 2\n        transactions_chunk_0023.parquet: 1, 2"",""Shared Hit Blocks"":0,""Shared Read Blocks"":0,""Shared Dirtied Blocks"":0,""Shared Written Blocks"":0,""Local Hit Blocks"":0,""Local Read Blocks"":0,""Local Dirtied Blocks"":0,""Local Written Blocks"":0,""Temp Read Blocks"":0,""Temp Written Blocks"":0,""I/O Read Time"":0.0,""I/O Write Time"":0.0,""Temp I/O Read Time"":0.0,""Temp I/O Write Time"":0.0},""Planning"":{""Shared Hit Blocks"":2,""Shared Read Blocks"":0,""Shared Dirtied Blocks"":0,""Shared Written Blocks"":0,""Local Hit Blocks"":0,""Local Read Blocks"":0,""Local Dirtied Blocks"":0,""Local Written Blocks"":0,""Temp Read Blocks"":0,""Temp Written Blocks"":0,""I/O Read Time"":0.0,""I/O Write Time"":0.0,""Temp I/O Read Time"":0.0,""Temp I/O Write Time"":0.0},""Planning Time"":2.061,""Triggers"":[],""Execution Time"":1610.432}"
q1_order_id,transactions,order_id,high,gsi_off,warm,3,1584.946,2.034,1587.351,1,1,1999999,Foreign Scan,False,Multifile,48,0,0,00225d9434f9720e7869a6971fa67640,"{""Plan"":{""Node Type"":""Foreign Scan"",""Operation"":""Select"",""Parallel Aware"":false,""Async Capable"":false,""Relation Name"":""transactions"",""Alias"":""transactions"",""Startup Cost"":0.0,""Total Cost"":20000.0,""Plan Rows"":1,""Plan Width"":153,""Actual Startup Time"":708.636,""Actual Total Time"":1583.818,""Actual Rows"":1,""Actual Loops"":1,""Filter"":""((order_id)::text = '00225d9434f9720e7869a6971fa67640'::text)"",""Rows Removed by Filter"":1999999,""Reader"":""Multifile"",""Row groups"":""\n        transactions_chunk_0000.parquet: 1, 2\n        transactions_chunk_0001.parquet: 1, 2\n        transactions_chunk_0002.parquet: 1, 2\n        transactions_chunk_0003.parquet: 1, 2\n        transactions_chunk_0004.parquet: 1, 2\n        transactions_chunk_0005.parquet: 1, 2\n        transactions_chunk_0006.parquet: 1, 2\n        transactions_chunk_0007.parquet: 1, 2\n        transactions_chunk_0008.parquet: 1, 2\n        transactions_chunk_0009.parquet: 1, 2\n        transactions_chunk_0010.parquet: 1, 2\n        transactions_chunk_0011.parquet: 1, 2\n        transactions_chunk_0012.parquet: 1, 2\n        transactions_chunk_0013.parquet: 1, 2\n        transactions_chunk_0014.parquet: 1, 2\n        transactions_chunk_0015.parquet: 1, 2\n        transactions_chunk_0016.parquet: 1, 2\n        transactions_chunk_0017.parquet: 1, 2\n        transactions_chunk_0018.parquet: 1, 2\n        transactions_chunk_0019.parquet: 1, 2\n        transactions_chunk_0020.parquet: 1, 2\n        transactions_chunk_0021.parquet: 1, 2\n        transactions_chunk_0022.parquet: 1, 2\n        transactions_chunk_0023.parquet: 1, 2"",""Shared Hit Blocks"":0,""Shared Read Blocks"":0,""Shared Dirtied Blocks"":0,""Shared Written Blocks"":0,""Local Hit Blocks"":0,""Local Read Blocks"":0,""Local Dirtied Blocks"":0,""Local Written Blocks"":0,""Temp Read Blocks"":0,""Temp Written Blocks"":0,""I/O Read Time"":0.0,""I/O Write Time"":0.0,""Temp I/O Read Time"":0.0,""Temp I/O Write Time"":0.0},""Planning"":{""Shared Hit Blocks"":2,""Shared Read Blocks"":0,""Shared Dirtied Blocks"":0,""Shared Written Blocks"":0,""Local Hit Blocks"":0,""Local Read Blocks"":0,""Local Dirtied Blocks"":0,""Local Written Blocks"":0,""Temp Read Blocks"":0,""Temp Written Blocks"":0,""I/O Read Time"":0.0,""I/O Write Time"":0.0,""Temp I/O Read Time"":0.0,""Temp I/O Write Time"":0.0},""Planning Time"":2.034,""Triggers"":[],""Execution Time"":1584.946}"
q1_order_id,transactions,order_id,high,gsi_off,warm,4,1598.803,1.952,1601.135,1,1,1999999,Foreign Scan,False,Multifile,48,0,0,00225d9434f9720e7869a6971fa67640,"{""Plan"":{""Node Type"":""Foreign Scan"",""Operation"":""Select"",""Parallel Aware"":false,""Async Capable"":false,""Relation Name"":""transactions"",""Alias"":""transactions"",""Startup Cost"":0.0,""Total Cost"":20000.0,""Plan Rows"":1,""Plan Width"":153,""Actual Startup Time"":730.071,""Actual Total Time"":1597.745,""Actual Rows"":1,""Actual Loops"":1,""Filter"":""((order_id)::text = '00225d9434f9720e7869a6971fa67640'::text)"",""Rows Removed by Filter"":1999999,""Reader"":""Multifile"",""Row groups"":""\n        transactions_chunk_0000.parquet: 1, 2\n        transactions_chunk_0001.parquet: 1, 2\n        transactions_chunk_0002.parquet: 1, 2\n        transactions_chunk_0003.parquet: 1, 2\n        transactions_chunk_0004.parquet: 1, 2\n        transactions_chunk_0005.parquet: 1, 2\n        transactions_chunk_0006.parquet: 1, 2\n        transactions_chunk_0007.parquet: 1, 2\n        transactions_chunk_0008.parquet: 1, 2\n        transactions_chunk_0009.parquet: 1, 2\n        transactions_chunk_0010.parquet: 1, 2\n        transactions_chunk_0011.parquet: 1, 2\n        transactions_chunk_0012.parquet: 1, 2\n        transactions_chunk_0013.parquet: 1, 2\n        transactions_chunk_0014.parquet: 1, 2\n        transactions_chunk_0015.parquet: 1, 2\n        transactions_chunk_0016.parquet: 1, 2\n        transactions_chunk_0017.parquet: 1, 2\n        transactions_chunk_0018.parquet: 1, 2\n        transactions_chunk_0019.parquet: 1, 2\n        transactions_chunk_0020.parquet: 1, 2\n        transactions_chunk_0021.parquet: 1, 2\n        transactions_chunk_0022.parquet: 1, 2\n        transactions_chunk_0023.parquet: 1, 2"",""Shared Hit Blocks"":0,""Shared Read Blocks"":0,""Shared Dirtied Blocks"":0,""Shared Written Blocks"":0,""Local Hit Blocks"":0,""Local Read Blocks"":0,""Local Dirtied Blocks"":0,""Local Written Blocks"":0,""Temp Read Blocks"":0,""Temp Written Blocks"":0,""I/O Read Time"":0.0,""I/O Write Time"":0.0,""Temp I/O Read Time"":0.0,""Temp I/O Write Time"":0.0},""Planning"":{""Shared Hit Blocks"":2,""Shared Read Blocks"":0,""Shared Dirtied Blocks"":0,""Shared Written Blocks"":0,""Local Hit Blocks"":0,""Local Read Blocks"":0,""Local Dirtied Blocks"":0,""Local Written Blocks"":0,""Temp Read Blocks"":0,""Temp Written Blocks"":0,""I/O Read Time"":0.0,""I/O Write Time"":0.0,""Temp I/O Read Time"":0.0,""Temp I/O Write Time"":0.0},""Planning Time"":1.952,""Triggers"":[],""Execution Time"":1598.803}"
q1_order_id,transactions,order_id,high,gsi_off,warm,5,1586.792,2.422,1589.784,1,1,1999999,Foreign Scan,False,Multifile,48,0,0,00225d9434f9720e7869a6971fa67640,"{""Plan"":{""Node Type"":""Foreign Scan"",""Operation"":""Select"",""Parallel Aware"":false,""Async Capable"":false,""Relation Name"":""transactions"",""Alias"":""transactions"",""Startup Cost"":0.0,""Total Cost"":20000.0,""Plan Rows"":1,""Plan Width"":153,""Actual Startup Time"":707.097,""Actual Total Time"":1585.605,""Actual Rows"":1,""Actual Loops"":1,""Filter"":""((order_id)::text = '00225d9434f9720e7869a6971fa67640'::text)"",""Rows Removed by Filter"":1999999,""Reader"":""Multifile"",""Row groups"":""\n        transactions_chunk_0000.parquet: 1, 2\n        transactions_chunk_0001.parquet: 1, 2\n        transactions_chunk_0002.parquet: 1, 2\n        transactions_chunk_0003.parquet: 1, 2\n        transactions_chunk_0004.parquet: 1, 2\n        transactions_chunk_0005.parquet: 1, 2\n        transactions_chunk_0006.parquet: 1, 2\n        transactions_chunk_0007.parquet: 1, 2\n        transactions_chunk_0008.parquet: 1, 2\n        transactions_chunk_0009.parquet: 1, 2\n        transactions_chunk_0010.parquet: 1, 2\n        transactions_chunk_0011.parquet: 1, 2\n        transactions_chunk_0012.parquet: 1, 2\n        transactions_chunk_0013.parquet: 1, 2\n        transactions_chunk_0014.parquet: 1, 2\n        transactions_chunk_0015.parquet: 1, 2\n        transactions_chunk_0016.parquet: 1, 2\n        transactions_chunk_0017.parquet: 1, 2\n        transactions_chunk_0018.parquet: 1, 2\n        transactions_chunk_0019.parquet: 1, 2\n        transactions_chunk_0020.parquet: 1, 2\n        transactions_chunk_0021.parquet: 1, 2\n        transactions_chunk_0022.parquet: 1, 2\n        transactions_chunk_0023.parquet: 1, 2"",""Shared Hit Blocks"":0,""Shared Read Blocks"":0,""Shared Dirtied Blocks"":0,""Shared Written Blocks"":0,""Local Hit Blocks"":0,""Local Read Blocks"":0,""Local Dirtied Blocks"":0,""Local Written Blocks"":0,""Temp Read Blocks"":0,""Temp Written Blocks"":0,""I/O Read Time"":0.0,""I/O Write Time"":0.0,""Temp I/O Read Time"":0.0,""Temp I/O Write Time"":0.0},""Planning"":{""Shared Hit Blocks"":2,""Shared Read Blocks"":0,""Shared Dirtied Blocks"":0,""Shared Written Blocks"":0,""Local Hit Blocks"":0,""Local Read Blocks"":0,""Local Dirtied Blocks"":0,""Local Written Blocks"":0,""Temp Read Blocks"":0,""Temp Written Blocks"":0,""I/O Read Time"":0.0,""I/O Write Time"":0.0,""Temp I/O Read Time"":0.0,""Temp I/O Write Time"":0.0},""Planning Time"":2.422,""Triggers"":[],""Execution Time"":1586.792}"
q2_customer_id,transactions,customer_id,high,gsi_off,cold,1,1652.533,17.289,1670.547,29,11,1999971,Foreign Scan,False,Multifile,48,4,0,b946cabd05a71cfc0d2f7e795bd88d94,"{""Plan"":{""Node Type"":""Foreign Scan"",""Operation"":""Select"",""Parallel Aware"":false,""Async Capable"":false,""Relation Name"":""transactions"",""Alias"":""transactions"",""Startup Cost"":0.0,""Total Cost"":20000.0,""Plan Rows"":11,""Plan Width"":153,""Actual Startup Time"":34.837,""Actual Total Time"":1651.585,""Actual Rows"":29,""Actual Loops"":1,""Filter"":""((customer_id)::text = 'b946cabd05a71cfc0d2f7e795bd88d94'::text)"",""Rows Removed by Filter"":1999971,""Reader"":""Multifile"",""Row groups"":""\n        transactions_chunk_0000.parquet: 1, 2\n        transactions_chunk_0001.parquet: 1, 2\n        transactions_chunk_0002.parquet: 1, 2\n        transactions_chunk_0003.parquet: 1, 2\n        transactions_chunk_0004.parquet: 1, 2\n        transactions_chunk_0005.parquet: 1, 2\n        transactions_chunk_0006.parquet: 1, 2\n        transactions_chunk_0007.parquet: 1, 2\n        transactions_chunk_0008.parquet: 1, 2\n        transactions_chunk_0009.parquet: 1, 2\n        transactions_chunk_0010.parquet: 1, 2\n        transactions_chunk_0011.parquet: 1, 2\n        transactions_chunk_0012.parquet: 1, 2\n        transactions_chunk_0013.parquet: 1, 2\n        transactions_chunk_0014.parquet: 1, 2\n        transactions_chunk_0015.parquet: 1, 2\n        transactions_chunk_0016.parquet: 1, 2\n        transactions_chunk_0017.parquet: 1, 2\n        transactions_chunk_0018.parquet: 1, 2\n        transactions_chunk_0019.parquet: 1, 2\n        transactions_chunk_0020.parquet: 1, 2\n        transactions_chunk_0021.parquet: 1, 2\n        transactions_chunk_0022.parquet: 1, 2\n        transactions_chunk_0023.parquet: 1, 2"",""Shared Hit Blocks"":4,""Shared Read Blocks"":0,""Shared Dirtied Blocks"":0,""Shared Written Blocks"":0,""Local Hit Blocks"":0,""Local Read Blocks"":0,""Local Dirtied Blocks"":0,""Local Written Blocks"":0,""Temp Read Blocks"":0,""Temp Written Blocks"":0,""I/O Read Time"":0.0,""I/O Write Time"":0.0,""Temp I/O Read Time"":0.0,""Temp I/O Write Time"":0.0},""Planning"":{""Shared Hit Blocks"":275,""Shared Read Blocks"":0,""Shared Dirtied Blocks"":0,""Shared Written Blocks"":0,""Local Hit Blocks"":0,""Local Read Blocks"":0,""Local Dirtied Blocks"":0,""Local Written Blocks"":0,""Temp Read Blocks"":0,""Temp Written Blocks"":0,""I/O Read Time"":0.0,""I/O Write Time"":0.0,""Temp I/O Read Time"":0.0,""Temp I/O Write Time"":0.0},""Planning Time"":17.289,""Triggers"":[],""Execution Time"":1652.533}"
q2_customer_id,transactions,customer_id,high,gsi_off,cold,2,1596.913,16.938,1614.56,29,11,1999971,Foreign Scan,False,Multifile,48,4,0,b946cabd05a71cfc0d2f7e795bd88d94,"{""Plan"":{""Node Type"":""Foreign Scan"",""Operation"":""Select"",""Parallel Aware"":false,""Async Capable"":false,""Relation Name"":""transactions"",""Alias"":""transactions"",""Startup Cost"":0.0,""Total Cost"":20000.0,""Plan Rows"":11,""Plan Width"":153,""Actual Startup Time"":30.841,""Actual Total Time"":1595.966,""Actual Rows"":29,""Actual Loops"":1,""Filter"":""((customer_id)::text = 'b946cabd05a71cfc0d2f7e795bd88d94'::text)"",""Rows Removed by Filter"":1999971,""Reader"":""Multifile"",""Row groups"":""\n        transactions_chunk_0000.parquet: 1, 2\n        transactions_chunk_0001.parquet: 1, 2\n        transactions_chunk_0002.parquet: 1, 2\n        transactions_chunk_0003.parquet: 1, 2\n        transactions_chunk_0004.parquet: 1, 2\n        transactions_chunk_0005.parquet: 1, 2\n        transactions_chunk_0006.parquet: 1, 2\n        transactions_chunk_0007.parquet: 1, 2\n        transactions_chunk_0008.parquet: 1, 2\n        transactions_chunk_0009.parquet: 1, 2\n        transactions_chunk_0010.parquet: 1, 2\n        transactions_chunk_0011.parquet: 1, 2\n        transactions_chunk_0012.parquet: 1, 2\n        transactions_chunk_0013.parquet: 1, 2\n        transactions_chunk_0014.parquet: 1, 2\n        transactions_chunk_0015.parquet: 1, 2\n        transactions_chunk_0016.parquet: 1, 2\n        transactions_chunk_0017.parquet: 1, 2\n        transactions_chunk_0018.parquet: 1, 2\n        transactions_chunk_0019.parquet: 1, 2\n        transactions_chunk_0020.parquet: 1, 2\n        transactions_chunk_0021.parquet: 1, 2\n        transactions_chunk_0022.parquet: 1, 2\n        transactions_chunk_0023.parquet: 1, 2"",""Shared Hit Blocks"":4,""Shared Read Blocks"":0,""Shared Dirtied Blocks"":0,""Shared Written Blocks"":0,""Local Hit Blocks"":0,""Local Read Blocks"":0,""Local Dirtied Blocks"":0,""Local Written Blocks"":0,""Temp Read Blocks"":0,""Temp Written Blocks"":0,""I/O Read Time"":0.0,""I/O Write Time"":0.0,""Temp I/O Read Time"":0.0,""Temp I/O Write Time"":0.0},""Planning"":{""Shared Hit Blocks"":275,""Shared Read Blocks"":0,""Shared Dirtied Blocks"":0,""Shared Written Blocks"":0,""Local Hit Blocks"":0,""Local Read Blocks"":0,""Local Dirtied Blocks"":0,""Local Written Blocks"":0,""Temp Read Blocks"":0,""Temp Written Blocks"":0,""I/O Read Time"":0.0,""I/O Write Time"":0.0,""Temp I/O Read Time"":0.0,""Temp I/O Write Time"":0.0},""Planning Time"":16.938,""Triggers"":[],""Execution Time"":1596.913}"
q2_customer_id,transactions,customer_id,high,gsi_off,cold,3,1610.242,17.179,1628.191,29,11,1999971,Foreign Scan,False,Multifile,48,4,0,b946cabd05a71cfc0d2f7e795bd88d94,"{""Plan"":{""Node Type"":""Foreign Scan"",""Operation"":""Select"",""Parallel Aware"":false,""Async Capable"":false,""Relation Name"":""transactions"",""Alias"":""transactions"",""Startup Cost"":0.0,""Total Cost"":20000.0,""Plan Rows"":11,""Plan Width"":153,""Actual Startup Time"":31.759,""Actual Total Time"":1609.329,""Actual Rows"":29,""Actual Loops"":1,""Filter"":""((customer_id)::text = 'b946cabd05a71cfc0d2f7e795bd88d94'::text)"",""Rows Removed by Filter"":1999971,""Reader"":""Multifile"",""Row groups"":""\n        transactions_chunk_0000.parquet: 1, 2\n        transactions_chunk_0001.parquet: 1, 2\n        transactions_chunk_0002.parquet: 1, 2\n        transactions_chunk_0003.parquet: 1, 2\n        transactions_chunk_0004.parquet: 1, 2\n        transactions_chunk_0005.parquet: 1, 2\n        transactions_chunk_0006.parquet: 1, 2\n        transactions_chunk_0007.parquet: 1, 2\n        transactions_chunk_0008.parquet: 1, 2\n        transactions_chunk_0009.parquet: 1, 2\n        transactions_chunk_0010.parquet: 1, 2\n        transactions_chunk_0011.parquet: 1, 2\n        transactions_chunk_0012.parquet: 1, 2\n        transactions_chunk_0013.parquet: 1, 2\n        transactions_chunk_0014.parquet: 1, 2\n        transactions_chunk_0015.parquet: 1, 2\n        transactions_chunk_0016.parquet: 1, 2\n        transactions_chunk_0017.parquet: 1, 2\n        transactions_chunk_0018.parquet: 1, 2\n        transactions_chunk_0019.parquet: 1, 2\n        transactions_chunk_0020.parquet: 1, 2\n        transactions_chunk_0021.parquet: 1, 2\n        transactions_chunk_0022.parquet: 1, 2\n        transactions_chunk_0023.parquet: 1, 2"",""Shared Hit Blocks"":4,""Shared Read Blocks"":0,""Shared Dirtied Blocks"":0,""Shared Written Blocks"":0,""Local Hit Blocks"":0,""Local Read Blocks"":0,""Local Dirtied Blocks"":0,""Local Written Blocks"":0,""Temp Read Blocks"":0,""Temp Written Blocks"":0,""I/O Read Time"":0.0,""I/O Write Time"":0.0,""Temp I/O Read Time"":0.0,""Temp I/O Write Time"":0.0},""Planning"":{""Shared Hit Blocks"":275,""Shared Read Blocks"":0,""Shared Dirtied Blocks"":0,""Shared Written Blocks"":0,""Local Hit Blocks"":0,""Local Read Blocks"":0,""Local Dirtied Blocks"":0,""Local Written Blocks"":0,""Temp Read Blocks"":0,""Temp Written Blocks"":0,""I/O Read Time"":0.0,""I/O Write Time"":0.0,""Temp I/O Read Time"":0.0,""Temp I/O Write Time"":0.0},""Planning Time"":17.179,""Triggers"":[],""Execution Time"":1610.242}"
q2_customer_id,transactions,customer_id,high,gsi_off,cold,4,1646.103,16.76,1663.488,29,11,1999971,Foreign Scan,False,Multifile,48,4,0,b946cabd05a71cfc0d2f7e795bd88d94,"{""Plan"":{""Node Type"":""Foreign Scan"",""Operation"":""Select"",""Parallel Aware"":false,""Async Capable"":false,""Relation Name"":""transactions"",""Alias"":""transactions"",""Startup Cost"":0.0,""Total Cost"":20000.0,""Plan Rows"":11,""Plan Width"":153,""Actual Startup Time"":32.523,""Actual Total Time"":1645.157,""Actual Rows"":29,""Actual Loops"":1,""Filter"":""((customer_id)::text = 'b946cabd05a71cfc0d2f7e795bd88d94'::text)"",""Rows Removed by Filter"":1999971,""Reader"":""Multifile"",""Row groups"":""\n        transactions_chunk_0000.parquet: 1, 2\n        transactions_chunk_0001.parquet: 1, 2\n        transactions_chunk_0002.parquet: 1, 2\n        transactions_chunk_0003.parquet: 1, 2\n        transactions_chunk_0004.parquet: 1, 2\n        transactions_chunk_0005.parquet: 1, 2\n        transactions_chunk_0006.parquet: 1, 2\n        transactions_chunk_0007.parquet: 1, 2\n        transactions_chunk_0008.parquet: 1, 2\n        transactions_chunk_0009.parquet: 1, 2\n        transactions_chunk_0010.parquet: 1, 2\n        transactions_chunk_0011.parquet: 1, 2\n        transactions_chunk_0012.parquet: 1, 2\n        transactions_chunk_0013.parquet: 1, 2\n        transactions_chunk_0014.parquet: 1, 2\n        transactions_chunk_0015.parquet: 1, 2\n        transactions_chunk_0016.parquet: 1, 2\n        transactions_chunk_0017.parquet: 1, 2\n        transactions_chunk_0018.parquet: 1, 2\n        transactions_chunk_0019.parquet: 1, 2\n        transactions_chunk_0020.parquet: 1, 2\n        transactions_chunk_0021.parquet: 1, 2\n        transactions_chunk_0022.parquet: 1, 2\n        transactions_chunk_0023.parquet: 1, 2"",""Shared Hit Blocks"":4,""Shared Read Blocks"":0,""Shared Dirtied Blocks"":0,""Shared Written Blocks"":0,""Local Hit Blocks"":0,""Local Read Blocks"":0,""Local Dirtied Blocks"":0,""Local Written Blocks"":0,""Temp Read Blocks"":0,""Temp Written Blocks"":0,""I/O Read Time"":0.0,""I/O Write Time"":0.0,""Temp I/O Read Time"":0.0,""Temp I/O Write Time"":0.0},""Planning"":{""Shared Hit Blocks"":275,""Shared Read Blocks"":0,""Shared Dirtied Blocks"":0,""Shared Written Blocks"":0,""Local Hit Blocks"":0,""Local Read Blocks"":0,""Local Dirtied Blocks"":0,""Local Written Blocks"":0,""Temp Read Blocks"":0,""Temp Written Blocks"":0,""I/O Read Time"":0.0,""I/O Write Time"":0.0,""Temp I/O Read Time"":0.0,""Temp I/O Write Time"":0.0},""Planning Time"":16.76,""Triggers"":[],""Execution Time"":1646.103}"
q2_customer_id,transactions,customer_id,high,gsi_off,cold,5,1631.943,16.333,1649.101,29,11,1999971,Foreign Scan,False,Multifile,48,4,0,b946cabd05a71cfc0d2f7e795bd88d94,"{""Plan"":{""Node Type"":""Foreign Scan"",""Operation"":""Select"",""Parallel Aware"":false,""Async Capable"":false,""Relation Name"":""transactions"",""Alias"":""transactions"",""Startup Cost"":0.0,""Total Cost"":20000.0,""Plan Rows"":11,""Plan Width"":153,""Actual Startup Time"":31.501,""Actual Total Time"":1631.001,""Actual Rows"":29,""Actual Loops"":1,""Filter"":""((customer_id)::text = 'b946cabd05a71cfc0d2f7e795bd88d94'::text)"",""Rows Removed by Filter"":1999971,""Reader"":""Multifile"",""Row groups"":""\n        transactions_chunk_0000.parquet: 1, 2\n        transactions_chunk_0001.parquet: 1, 2\n        transactions_chunk_0002.parquet: 1, 2\n        transactions_chunk_0003.parquet: 1, 2\n        transactions_chunk_0004.parquet: 1, 2\n        transactions_chunk_0005.parquet: 1, 2\n        transactions_chunk_0006.parquet: 1, 2\n        transactions_chunk_0007.parquet: 1, 2\n        transactions_chunk_0008.parquet: 1, 2\n        transactions_chunk_0009.parquet: 1, 2\n        transactions_chunk_0010.parquet: 1, 2\n        transactions_chunk_0011.parquet: 1, 2\n        transactions_chunk_0012.parquet: 1, 2\n        transactions_chunk_0013.parquet: 1, 2\n        transactions_chunk_0014.parquet: 1, 2\n        transactions_chunk_0015.parquet: 1, 2\n        transactions_chunk_0016.parquet: 1, 2\n        transactions_chunk_0017.parquet: 1, 2\n        transactions_chunk_0018.parquet: 1, 2\n        transactions_chunk_0019.parquet: 1, 2\n        transactions_chunk_0020.parquet: 1, 2\n        transactions_chunk_0021.parquet: 1, 2\n        transactions_chunk_0022.parquet: 1, 2\n        transactions_chunk_0023.parquet: 1, 2"",""Shared Hit Blocks"":4,""Shared Read Blocks"":0,""Shared Dirtied Blocks"":0,""Shared Written Blocks"":0,""Local Hit Blocks"":0,""Local Read Blocks"":0,""Local Dirtied Blocks"":0,""Local Written Blocks"":0,""Temp Read Blocks"":0,""Temp Written Blocks"":0,""I/O Read Time"":0.0,""I/O Write Time"":0.0,""Temp I/O Read Time"":0.0,""Temp I/O Write Time"":0.0},""Planning"":{""Shared Hit Blocks"":275,""Shared Read Blocks"":0,""Shared Dirtied Blocks"":0,""Shared Written Blocks"":0,""Local Hit Blocks"":0,""Local Read Blocks"":0,""Local Dirtied Blocks"":0,""Local Written Blocks"":0,""Temp Read Blocks"":0,""Temp Written Blocks"":0,""I/O Read Time"":0.0,""I/O Write Time"":0.0,""Temp I/O Read Time"":0.0,""Temp I/O Write Time"":0.0},""Planning Time"":16.333,""Triggers"":[],""Execution Time"":1631.943}"
q2_customer_id,transactions,customer_id,high,gsi_off,warm,1,1596.769,1.92,1599.139,29,11,1999971,Foreign Scan,False,Multifile,48,0,0,b946cabd05a71cfc0d2f7e795bd88d94,"{""Plan"":{""Node Type"":""Foreign Scan"",""Operation"":""Select"",""Parallel Aware"":false,""Async Capable"":false,""Relation Name"":""transactions"",""Alias"":""transactions"",""Startup Cost"":0.0,""Total Cost"":20000.0,""Plan Rows"":11,""Plan Width"":153,""Actual Startup Time"":22.709,""Actual Total Time"":1595.787,""Actual Rows"":29,""Actual Loops"":1,""Filter"":""((customer_id)::text = 'b946cabd05a71cfc0d2f7e795bd88d94'::text)"",""Rows Removed by Filter"":1999971,""Reader"":""Multifile"",""Row groups"":""\n        transactions_chunk_0000.parquet: 1, 2\n        transactions_chunk_0001.parquet: 1, 2\n        transactions_chunk_0002.parquet: 1, 2\n        transactions_chunk_0003.parquet: 1, 2\n        transactions_chunk_0004.parquet: 1, 2\n        transactions_chunk_0005.parquet: 1, 2\n        transactions_chunk_0006.parquet: 1, 2\n        transactions_chunk_0007.parquet: 1, 2\n        transactions_chunk_0008.parquet: 1, 2\n        transactions_chunk_0009.parquet: 1, 2\n        transactions_chunk_0010.parquet: 1, 2\n        transactions_chunk_0011.parquet: 1, 2\n        transactions_chunk_0012.parquet: 1, 2\n        transactions_chunk_0013.parquet: 1, 2\n        transactions_chunk_0014.parquet: 1, 2\n        transactions_chunk_0015.parquet: 1, 2\n        transactions_chunk_0016.parquet: 1, 2\n        transactions_chunk_0017.parquet: 1, 2\n        transactions_chunk_0018.parquet: 1, 2\n        transactions_chunk_0019.parquet: 1, 2\n        transactions_chunk_0020.parquet: 1, 2\n        transactions_chunk_0021.parquet: 1, 2\n        transactions_chunk_0022.parquet: 1, 2\n        transactions_chunk_0023.parquet: 1, 2"",""Shared Hit Blocks"":0,""Shared Read Blocks"":0,""Shared Dirtied Blocks"":0,""Shared Written Blocks"":0,""Local Hit Blocks"":0,""Local Read Blocks"":0,""Local Dirtied Blocks"":0,""Local Written Blocks"":0,""Temp Read Blocks"":0,""Temp Written Blocks"":0,""I/O Read Time"":0.0,""I/O Write Time"":0.0,""Temp I/O Read Time"":0.0,""Temp I/O Write Time"":0.0},""Planning"":{""Shared Hit Blocks"":2,""Shared Read Blocks"":0,""Shared Dirtied Blocks"":0,""Shared Written Blocks"":0,""Local Hit Blocks"":0,""Local Read Blocks"":0,""Local Dirtied Blocks"":0,""Local Written Blocks"":0,""Temp Read Blocks"":0,""Temp Written Blocks"":0,""I/O Read Time"":0.0,""I/O Write Time"":0.0,""Temp I/O Read Time"":0.0,""Temp I/O Write Time"":0.0},""Planning Time"":1.92,""Triggers"":[],""Execution Time"":1596.769}"
q2_customer_id,transactions,customer_id,high,gsi_off,warm,2,1598.583,1.902,1600.855,29,11,1999971,Foreign Scan,False,Multifile,48,0,0,b946cabd05a71cfc0d2f7e795bd88d94,"{""Plan"":{""Node Type"":""Foreign Scan"",""Operation"":""Select"",""Parallel Aware"":false,""Async Capable"":false,""Relation Name"":""transactions"",""Alias"":""transactions"",""Startup Cost"":0.0,""Total Cost"":20000.0,""Plan Rows"":11,""Plan Width"":153,""Actual Startup Time"":23.623,""Actual Total Time"":1597.501,""Actual Rows"":29,""Actual Loops"":1,""Filter"":""((customer_id)::text = 'b946cabd05a71cfc0d2f7e795bd88d94'::text)"",""Rows Removed by Filter"":1999971,""Reader"":""Multifile"",""Row groups"":""\n        transactions_chunk_0000.parquet: 1, 2\n        transactions_chunk_0001.parquet: 1, 2\n        transactions_chunk_0002.parquet: 1, 2\n        transactions_chunk_0003.parquet: 1, 2\n        transactions_chunk_0004.parquet: 1, 2\n        transactions_chunk_0005.parquet: 1, 2\n        transactions_chunk_0006.parquet: 1, 2\n        transactions_chunk_0007.parquet: 1, 2\n        transactions_chunk_0008.parquet: 1, 2\n        transactions_chunk_0009.parquet: 1, 2\n        transactions_chunk_0010.parquet: 1, 2\n        transactions_chunk_0011.parquet: 1, 2\n        transactions_chunk_0012.parquet: 1, 2\n        transactions_chunk_0013.parquet: 1, 2\n        transactions_chunk_0014.parquet: 1, 2\n        transactions_chunk_0015.parquet: 1, 2\n        transactions_chunk_0016.parquet: 1, 2\n        transactions_chunk_0017.parquet: 1, 2\n        transactions_chunk_0018.parquet: 1, 2\n        transactions_chunk_0019.parquet: 1, 2\n        transactions_chunk_0020.parquet: 1, 2\n        transactions_chunk_0021.parquet: 1, 2\n        transactions_chunk_0022.parquet: 1, 2\n        transactions_chunk_0023.parquet: 1, 2"",""Shared Hit Blocks"":0,""Shared Read Blocks"":0,""Shared Dirtied Blocks"":0,""Shared Written Blocks"":0,""Local Hit Blocks"":0,""Local Read Blocks"":0,""Local Dirtied Blocks"":0,""Local Written Blocks"":0,""Temp Read Blocks"":0,""Temp Written Blocks"":0,""I/O Read Time"":0.0,""I/O Write Time"":0.0,""Temp I/O Read Time"":0.0,""Temp I/O Write Time"":0.0},""Planning"":{""Shared Hit Blocks"":2,""Shared Read Blocks"":0,""Shared Dirtied Blocks"":0,""Shared Written Blocks"":0,""Local Hit Blocks"":0,""Local Read Blocks"":0,""Local Dirtied Blocks"":0,""Local Written Blocks"":0,""Temp Read Blocks"":0,""Temp Written Blocks"":0,""I/O Read Time"":0.0,""I/O Write Time"":0.0,""Temp I/O Read Time"":0.0,""Temp I/O Write Time"":0.0},""Planning Time"":1.902,""Triggers"":[],""Execution Time"":1598.583}"
q2_customer_id,transactions,customer_id,high,gsi_off,warm,3,1614.134,1.881,1616.503,29,11,1999971,Foreign Scan,False,Multifile,48,0,0,b946cabd05a71cfc0d2f7e795bd88d94,"{""Plan"":{""Node Type"":""Foreign Scan"",""Operation"":""Select"",""Parallel Aware"":false,""Async Capable"":false,""Relation Name"":""transactions"",""Alias"":""transactions"",""Startup Cost"":0.0,""Total Cost"":20000.0,""Plan Rows"":11,""Plan Width"":153,""Actual Startup Time"":23.852,""Actual Total Time"":1613.045,""Actual Rows"":29,""Actual Loops"":1,""Filter"":""((customer_id)::text = 'b946cabd05a71cfc0d2f7e795bd88d94'::text)"",""Rows Removed by Filter"":1999971,""Reader"":""Multifile"",""Row groups"":""\n        transactions_chunk_0000.parquet: 1, 2\n        transactions_chunk_0001.parquet: 1, 2\n        transactions_chunk_0002.parquet: 1, 2\n        transactions_chunk_0003.parquet: 1, 2\n        transactions_chunk_0004.parquet: 1, 2\n        transactions_chunk_0005.parquet: 1, 2\n        transactions_chunk_0006.parquet: 1, 2\n        transactions_chunk_0007.parquet: 1, 2\n        transactions_chunk_0008.parquet: 1, 2\n        transactions_chunk_0009.parquet: 1, 2\n        transactions_chunk_0010.parquet: 1, 2\n        transactions_chunk_0011.parquet: 1, 2\n        transactions_chunk_0012.parquet: 1, 2\n        transactions_chunk_0013.parquet: 1, 2\n        transactions_chunk_0014.parquet: 1, 2\n        transactions_chunk_0015.parquet: 1, 2\n        transactions_chunk_0016.parquet: 1, 2\n        transactions_chunk_0017.parquet: 1, 2\n        transactions_chunk_0018.parquet: 1, 2\n        transactions_chunk_0019.parquet: 1, 2\n        transactions_chunk_0020.parquet: 1, 2\n        transactions_chunk_0021.parquet: 1, 2\n        transactions_chunk_0022.parquet: 1, 2\n        transactions_chunk_0023.parquet: 1, 2"",""Shared Hit Blocks"":0,""Shared Read Blocks"":0,""Shared Dirtied Blocks"":0,""Shared Written Blocks"":0,""Local Hit Blocks"":0,""Local Read Blocks"":0,""Local Dirtied Blocks"":0,""Local Written Blocks"":0,""Temp Read Blocks"":0,""Temp Written Blocks"":0,""I/O Read Time"":0.0,""I/O Write Time"":0.0,""Temp I/O Read Time"":0.0,""Temp I/O Write Time"":0.0},""Planning"":{""Shared Hit Blocks"":2,""Shared Read Blocks"":0,""Shared Dirtied Blocks"":0,""Shared Written Blocks"":0,""Local Hit Blocks"":0,""Local Read Blocks"":0,""Local Dirtied Blocks"":0,""Local Written Blocks"":0,""Temp Read Blocks"":0,""Temp Written Blocks"":0,""I/O Read Time"":0.0,""I/O Write Time"":0.0,""Temp I/O Read Time"":0.0,""Temp I/O Write Time"":0.0},""Planning Time"":1.881,""Triggers"":[],""Execution Time"":1614.134}"
q2_customer_id,transactions,customer_id,high,gsi_off,warm,4,1587.857,2.045,1590.256,29,11,1999971,Foreign Scan,False,Multifile,48,0,0,b946cabd05a71cfc0d2f7e795bd88d94,"{""Plan"":{""Node Type"":""Foreign Scan"",""Operation"":""Select"",""Parallel Aware"":false,""Async Capable"":false,""Relation Name"":""transactions"",""Alias"":""transactions"",""Startup Cost"":0.0,""Total Cost"":20000.0,""Plan Rows"":11,""Plan Width"":153,""Actual Startup Time"":24.152,""Actual Total Time"":1586.762,""Actual Rows"":29,""Actual Loops"":1,""Filter"":""((customer_id)::text = 'b946cabd05a71cfc0d2f7e795bd88d94'::text)"",""Rows Removed by Filter"":1999971,""Reader"":""Multifile"",""Row groups"":""\n        transactions_chunk_0000.parquet: 1, 2\n        transactions_chunk_0001.parquet: 1, 2\n        transactions_chunk_0002.parquet: 1, 2\n        transactions_chunk_0003.parquet: 1, 2\n        transactions_chunk_0004.parquet: 1, 2\n        transactions_chunk_0005.parquet: 1, 2\n        transactions_chunk_0006.parquet: 1, 2\n        transactions_chunk_0007.parquet: 1, 2\n        transactions_chunk_0008.parquet: 1, 2\n        transactions_chunk_0009.parquet: 1, 2\n        transactions_chunk_0010.parquet: 1, 2\n        transactions_chunk_0011.parquet: 1, 2\n        transactions_chunk_0012.parquet: 1, 2\n        transactions_chunk_0013.parquet: 1, 2\n        transactions_chunk_0014.parquet: 1, 2\n        transactions_chunk_0015.parquet: 1, 2\n        transactions_chunk_0016.parquet: 1, 2\n        transactions_chunk_0017.parquet: 1, 2\n        transactions_chunk_0018.parquet: 1, 2\n        transactions_chunk_0019.parquet: 1, 2\n        transactions_chunk_0020.parquet: 1, 2\n        transactions_chunk_0021.parquet: 1, 2\n        transactions_chunk_0022.parquet: 1, 2\n        transactions_chunk_0023.parquet: 1, 2"",""Shared Hit Blocks"":0,""Shared Read Blocks"":0,""Shared Dirtied Blocks"":0,""Shared Written Blocks"":0,""Local Hit Blocks"":0,""Local Read Blocks"":0,""Local Dirtied Blocks"":0,""Local Written Blocks"":0,""Temp Read Blocks"":0,""Temp Written Blocks"":0,""I/O Read Time"":0.0,""I/O Write Time"":0.0,""Temp I/O Read Time"":0.0,""Temp I/O Write Time"":0.0},""Planning"":{""Shared Hit Blocks"":2,""Shared Read Blocks"":0,""Shared Dirtied Blocks"":0,""Shared Written Blocks"":0,""Local Hit Blocks"":0,""Local Read Blocks"":0,""Local Dirtied Blocks"":0,""Local Written Blocks"":0,""Temp Read Blocks"":0,""Temp Written Blocks"":0,""I/O Read Time"":0.0,""I/O Write Time"":0.0,""Temp I/O Read Time"":0.0,""Temp I/O Write Time"":0.0},""Planning Time"":2.045,""Triggers"":[],""Execution Time"":1587.857}"
q2_customer_id,transactions,customer_id,high,gsi_off,warm,5,1589.981,1.931,1592.343,29,11,1999971,Foreign Scan,False,Multifile,48,0,0,b946cabd05a71cfc0d2f7e795bd88d94,"{""Plan"":{""Node Type"":""Foreign Scan"",""Operation"":""Select"",""Parallel Aware"":false,""Async Capable"":false,""Relation Name"":""transactions"",""Alias"":""transactions"",""Startup Cost"":0.0,""Total Cost"":20000.0,""Plan Rows"":11,""Plan Width"":153,""Actual Startup Time"":23.228,""Actual Total Time"":1588.838,""Actual Rows"":29,""Actual Loops"":1,""Filter"":""((customer_id)::text = 'b946cabd05a71cfc0d2f7e795bd88d94'::text)"",""Rows Removed by Filter"":1999971,""Reader"":""Multifile"",""Row groups"":""\n        transactions_chunk_0000.parquet: 1, 2\n        transactions_chunk_0001.parquet: 1, 2\n        transactions_chunk_0002.parquet: 1, 2\n        transactions_chunk_0003.parquet: 1, 2\n        transactions_chunk_0004.parquet: 1, 2\n        transactions_chunk_0005.parquet: 1, 2\n        transactions_chunk_0006.parquet: 1, 2\n        transactions_chunk_0007.parquet: 1, 2\n        transactions_chunk_0008.parquet: 1, 2\n        transactions_chunk_0009.parquet: 1, 2\n        transactions_chunk_0010.parquet: 1, 2\n        transactions_chunk_0011.parquet: 1, 2\n        transactions_chunk_0012.parquet: 1, 2\n        transactions_chunk_0013.parquet: 1, 2\n        transactions_chunk_0014.parquet: 1, 2\n        transactions_chunk_0015.parquet: 1, 2\n        transactions_chunk_0016.parquet: 1, 2\n        transactions_chunk_0017.parquet: 1, 2\n        transactions_chunk_0018.parquet: 1, 2\n        transactions_chunk_0019.parquet: 1, 2\n        transactions_chunk_0020.parquet: 1, 2\n        transactions_chunk_0021.parquet: 1, 2\n        transactions_chunk_0022.parquet: 1, 2\n        transactions_chunk_0023.parquet: 1, 2"",""Shared Hit Blocks"":0,""Shared Read Blocks"":0,""Shared Dirtied Blocks"":0,""Shared Written Blocks"":0,""Local Hit Blocks"":0,""Local Read Blocks"":0,""Local Dirtied Blocks"":0,""Local Written Blocks"":0,""Temp Read Blocks"":0,""Temp Written Blocks"":0,""I/O Read Time"":0.0,""I/O Write Time"":0.0,""Temp I/O Read Time"":0.0,""Temp I/O Write Time"":0.0},""Planning"":{""Shared Hit Blocks"":2,""Shared Read Blocks"":0,""Shared Dirtied Blocks"":0,""Shared Written Blocks"":0,""Local Hit Blocks"":0,""Local Read Blocks"":0,""Local Dirtied Blocks"":0,""Local Written Blocks"":0,""Temp Read Blocks"":0,""Temp Written Blocks"":0,""I/O Read Time"":0.0,""I/O Write Time"":0.0,""Temp I/O Read Time"":0.0,""Temp I/O Write Time"":0.0},""Planning Time"":1.931,""Triggers"":[],""Execution Time"":1589.981}"
q3_product_id,transactions,product_id,high,gsi_off,cold,1,1628.146,17.553,1646.387,66,41,1999934,Foreign Scan,False,Multifile,48,4,0,850117185274e0ffa3edd55dfac7335f,"{""Plan"":{""Node Type"":""Foreign Scan"",""Operation"":""Select"",""Parallel Aware"":false,""Async Capable"":false,""Relation Name"":""transactions"",""Alias"":""transactions"",""Startup Cost"":0.0,""Total Cost"":20000.0,""Plan Rows"":41,""Plan Width"":153,""Actual Startup Time"":30.433,""Actual Total Time"":1627.162,""Actual Rows"":66,""Actual Loops"":1,""Filter"":""((product_id)::text = '850117185274e0ffa3edd55dfac7335f'::text)"",""Rows Removed by Filter"":1999934,""Reader"":""Multifile"",""Row groups"":""\n        transactions_chunk_0000.parquet: 1, 2\n        transactions_chunk_0001.parquet: 1, 2\n        transactions_chunk_0002.parquet: 1, 2\n        transactions_chunk_0003.parquet: 1, 2\n        transactions_chunk_0004.parquet: 1, 2\n        transactions_chunk_0005.parquet: 1, 2\n        transactions_chunk_0006.parquet: 1, 2\n        transactions_chunk_0007.parquet: 1, 2\n        transactions_chunk_0008.parquet: 1, 2\n        transactions_chunk_0009.parquet: 1, 2\n        transactions_chunk_0010.parquet: 1, 2\n        transactions_chunk_0011.parquet: 1, 2\n        transactions_chunk_0012.parquet: 1, 2\n        transactions_chunk_0013.parquet: 1, 2\n        transactions_chunk_0014.parquet: 1, 2\n        transactions_chunk_0015.parquet: 1, 2\n        transactions_chunk_0016.parquet: 1, 2\n        transactions_chunk_0017.parquet: 1, 2\n        transactions_chunk_0018.parquet: 1, 2\n        transactions_chunk_0019.parquet: 1, 2\n        transactions_chunk_0020.parquet: 1, 2\n        transactions_chunk_0021.parquet: 1, 2\n        transactions_chunk_0022.parquet: 1, 2\n        transactions_chunk_0023.parquet: 1, 2"",""Shared Hit Blocks"":4,""Shared Read Blocks"":0,""Shared Dirtied Blocks"":0,""Shared Written Blocks"":0,""Local Hit Blocks"":0,""Local Read Blocks"":0,""Local Dirtied Blocks"":0,""Local Written Blocks"":0,""Temp Read Blocks"":0,""Temp Written Blocks"":0,""I/O Read Time"":0.0,""I/O Write Time"":0.0,""Temp I/O Read Time"":0.0,""Temp I/O Write Time"":0.0},""Planning"":{""Shared Hit Blocks"":275,""Shared Read Blocks"":0,""Shared Dirtied Blocks"":0,""Shared Written Blocks"":0,""Local Hit Blocks"":0,""Local Read Blocks"":0,""Local Dirtied Blocks"":0,""Local Written Blocks"":0,""Temp Read Blocks"":0,""Temp Written Blocks"":0,""I/O Read Time"":0.0,""I/O Write Time"":0.0,""Temp I/O Read Time"":0.0,""Temp I/O Write Time"":0.0},""Planning Time"":17.553,""Triggers"":[],""Execution Time"":1628.146}"
q3_product_id,transactions,product_id,high,gsi_off,cold,2,1612.388,16.924,1630.012,66,41,1999934,Foreign Scan,False,Multifile,48,4,0,850117185274e0ffa3edd55dfac7335f,"{""Plan"":{""Node Type"":""Foreign Scan"",""Operation"":""Select"",""Parallel Aware"":false,""Async Capable"":false,""Relation Name"":""transactions"",""Alias"":""transactions"",""Startup Cost"":0.0,""Total Cost"":20000.0,""Plan Rows"":41,""Plan Width"":153,""Actual Startup Time"":28.599,""Actual Total Time"":1611.403,""Actual Rows"":66,""Actual Loops"":1,""Filter"":""((product_id)::text = '850117185274e0ffa3edd55dfac7335f'::text)"",""Rows Removed by Filter"":1999934,""Reader"":""Multifile"",""Row groups"":""\n        transactions_chunk_0000.parquet: 1, 2\n        transactions_chunk_0001.parquet: 1, 2\n        transactions_chunk_0002.parquet: 1, 2\n        transactions_chunk_0003.parquet: 1, 2\n        transactions_chunk_0004.parquet: 1, 2\n        transactions_chunk_0005.parquet: 1, 2\n        transactions_chunk_0006.parquet: 1, 2\n        transactions_chunk_0007.parquet: 1, 2\n        transactions_chunk_0008.parquet: 1, 2\n        transactions_chunk_0009.parquet: 1, 2\n        transactions_chunk_0010.parquet: 1, 2\n        transactions_chunk_0011.parquet: 1, 2\n        transactions_chunk_0012.parquet: 1, 2\n        transactions_chunk_0013.parquet: 1, 2\n        transactions_chunk_0014.parquet: 1, 2\n        transactions_chunk_0015.parquet: 1, 2\n        transactions_chunk_0016.parquet: 1, 2\n        transactions_chunk_0017.parquet: 1, 2\n        transactions_chunk_0018.parquet: 1, 2\n        transactions_chunk_0019.parquet: 1, 2\n        transactions_chunk_0020.parquet: 1, 2\n        transactions_chunk_0021.parquet: 1, 2\n        transactions_chunk_0022.parquet: 1, 2\n        transactions_chunk_0023.parquet: 1, 2"",""Shared Hit Blocks"":4,""Shared Read Blocks"":0,""Shared Dirtied Blocks"":0,""Shared Written Blocks"":0,""Local Hit Blocks"":0,""Local Read Blocks"":0,""Local Dirtied Blocks"":0,""Local Written Blocks"":0,""Temp Read Blocks"":0,""Temp Written Blocks"":0,""I/O Read Time"":0.0,""I/O Write Time"":0.0,""Temp I/O Read Time"":0.0,""Temp I/O Write Time"":0.0},""Planning"":{""Shared Hit Blocks"":275,""Shared Read Blocks"":0,""Shared Dirtied Blocks"":0,""Shared Written Blocks"":0,""Local Hit Blocks"":0,""Local Read Blocks"":0,""Local Dirtied Blocks"":0,""Local Written Blocks"":0,""Temp Read Blocks"":0,""Temp Written Blocks"":0,""I/O Read Time"":0.0,""I/O Write Time"":0.0,""Temp I/O Read Time"":0.0,""Temp I/O Write Time"":0.0},""Planning Time"":16.924,""Triggers"":[],""Execution Time"":1612.388}"
q3_product_id,transactions,product_id,high,gsi_off,cold,3,1599.234,16.118,1616.042,66,41,1999934,Foreign Scan,False,Multifile,48,4,0,850117185274e0ffa3edd55dfac7335f,"{""Plan"":{""Node Type"":""Foreign Scan"",""Operation"":""Select"",""Parallel Aware"":false,""Async Capable"":false,""Relation Name"":""transactions"",""Alias"":""transactions"",""Startup Cost"":0.0,""Total Cost"":20000.0,""Plan Rows"":41,""Plan Width"":153,""Actual Startup Time"":28.941,""Actual Total Time"":1598.176,""Actual Rows"":66,""Actual Loops"":1,""Filter"":""((product_id)::text = '850117185274e0ffa3edd55dfac7335f'::text)"",""Rows Removed by Filter"":1999934,""Reader"":""Multifile"",""Row groups"":""\n        transactions_chunk_0000.parquet: 1, 2\n        transactions_chunk_0001.parquet: 1, 2\n        transactions_chunk_0002.parquet: 1, 2\n        transactions_chunk_0003.parquet: 1, 2\n        transactions_chunk_0004.parquet: 1, 2\n        transactions_chunk_0005.parquet: 1, 2\n        transactions_chunk_0006.parquet: 1, 2\n        transactions_chunk_0007.parquet: 1, 2\n        transactions_chunk_0008.parquet: 1, 2\n        transactions_chunk_0009.parquet: 1, 2\n        transactions_chunk_0010.parquet: 1, 2\n        transactions_chunk_0011.parquet: 1, 2\n        transactions_chunk_0012.parquet: 1, 2\n        transactions_chunk_0013.parquet: 1, 2\n        transactions_chunk_0014.parquet: 1, 2\n        transactions_chunk_0015.parquet: 1, 2\n        transactions_chunk_0016.parquet: 1, 2\n        transactions_chunk_0017.parquet: 1, 2\n        transactions_chunk_0018.parquet: 1, 2\n        transactions_chunk_0019.parquet: 1, 2\n        transactions_chunk_0020.parquet: 1, 2\n        transactions_chunk_0021.parquet: 1, 2\n        transactions_chunk_0022.parquet: 1, 2\n        transactions_chunk_0023.parquet: 1, 2"",""Shared Hit Blocks"":4,""Shared Read Blocks"":0,""Shared Dirtied Blocks"":0,""Shared Written Blocks"":0,""Local Hit Blocks"":0,""Local Read Blocks"":0,""Local Dirtied Blocks"":0,""Local Written Blocks"":0,""Temp Read Blocks"":0,""Temp Written Blocks"":0,""I/O Read Time"":0.0,""I/O Write Time"":0.0,""Temp I/O Read Time"":0.0,""Temp I/O Write Time"":0.0},""Planning"":{""Shared Hit Blocks"":275,""Shared Read Blocks"":0,""Shared Dirtied Blocks"":0,""Shared Written Blocks"":0,""Local Hit Blocks"":0,""Local Read Blocks"":0,""Local Dirtied Blocks"":0,""Local Written Blocks"":0,""Temp Read Blocks"":0,""Temp Written Blocks"":0,""I/O Read Time"":0.0,""I/O Write Time"":0.0,""Temp I/O Read Time"":0.0,""Temp I/O Write Time"":0.0},""Planning Time"":16.118,""Triggers"":[],""Execution Time"":1599.234}"
q3_product_id,transactions,product_id,high,gsi_off,cold,4,1636.749,17.472,1654.907,66,41,1999934,Foreign Scan,False,Multifile,48,4,0,850117185274e0ffa3edd55dfac7335f,"{""Plan"":{""Node Type"":""Foreign Scan"",""Operation"":""Select"",""Parallel Aware"":false,""Async Capable"":false,""Relation Name"":""transactions"",""Alias"":""transactions"",""Startup Cost"":0.0,""Total Cost"":20000.0,""Plan Rows"":41,""Plan Width"":153,""Actual Startup Time"":28.218,""Actual Total Time"":1635.852,""Actual Rows"":66,""Actual Loops"":1,""Filter"":""((product_id)::text = '850117185274e0ffa3edd55dfac7335f'::text)"",""Rows Removed by Filter"":1999934,""Reader"":""Multifile"",""Row groups"":""\n        transactions_chunk_0000.parquet: 1, 2\n        transactions_chunk_0001.parquet: 1, 2\n        transactions_chunk_0002.parquet: 1, 2\n        transactions_chunk_0003.parquet: 1, 2\n        transactions_chunk_0004.parquet: 1, 2\n        transactions_chunk_0005.parquet: 1, 2\n        transactions_chunk_0006.parquet: 1, 2\n        transactions_chunk_0007.parquet: 1, 2\n        transactions_chunk_0008.parquet: 1, 2\n        transactions_chunk_0009.parquet: 1, 2\n        transactions_chunk_0010.parquet: 1, 2\n        transactions_chunk_0011.parquet: 1, 2\n        transactions_chunk_0012.parquet: 1, 2\n        transactions_chunk_0013.parquet: 1, 2\n        transactions_chunk_0014.parquet: 1, 2\n        transactions_chunk_0015.parquet: 1, 2\n        transactions_chunk_0016.parquet: 1, 2\n        transactions_chunk_0017.parquet: 1, 2\n        transactions_chunk_0018.parquet: 1, 2\n        transactions_chunk_0019.parquet: 1, 2\n        transactions_chunk_0020.parquet: 1, 2\n        transactions_chunk_0021.parquet: 1, 2\n        transactions_chunk_0022.parquet: 1, 2\n        transactions_chunk_0023.parquet: 1, 2"",""Shared Hit Blocks"":4,""Shared Read Blocks"":0,""Shared Dirtied Blocks"":0,""Shared Written Blocks"":0,""Local Hit Blocks"":0,""Local Read Blocks"":0,""Local Dirtied Blocks"":0,""Local Written Blocks"":0,""Temp Read Blocks"":0,""Temp Written Blocks"":0,""I/O Read Time"":0.0,""I/O Write Time"":0.0,""Temp I/O Read Time"":0.0,""Temp I/O Write Time"":0.0},""Planning"":{""Shared Hit Blocks"":275,""Shared Read Blocks"":0,""Shared Dirtied Blocks"":0,""Shared Written Blocks"":0,""Local Hit Blocks"":0,""Local Read Blocks"":0,""Local Dirtied Blocks"":0,""Local Written Blocks"":0,""Temp Read Blocks"":0,""Temp Written Blocks"":0,""I/O Read Time"":0.0,""I/O Write Time"":0.0,""Temp I/O Read Time"":0.0,""Temp I/O Write Time"":0.0},""Planning Time"":17.472,""Triggers"":[],""Execution Time"":1636.749}"
q3_product_id,transactions,product_id,high,gsi_off,cold,5,1622.626,15.83,1639.162,66,41,1999934,Foreign Scan,False,Multifile,48,4,0,850117185274e0ffa3edd55dfac7335f,"{""Plan"":{""Node Type"":""Foreign Scan"",""Operation"":""Select"",""Parallel Aware"":false,""Async Capable"":false,""Relation Name"":""transactions"",""Alias"":""transactions"",""Startup Cost"":0.0,""Total Cost"":20000.0,""Plan Rows"":41,""Plan Width"":153,""Actual Startup Time"":29.164,""Actual Total Time"":1621.634,""Actual Rows"":66,""Actual Loops"":1,""Filter"":""((product_id)::text = '850117185274e0ffa3edd55dfac7335f'::text)"",""Rows Removed by Filter"":1999934,""Reader"":""Multifile"",""Row groups"":""\n        transactions_chunk_0000.parquet: 1, 2\n        transactions_chunk_0001.parquet: 1, 2\n        transactions_chunk_0002.parquet: 1, 2\n        transactions_chunk_0003.parquet: 1, 2\n        transactions_chunk_0004.parquet: 1, 2\n        transactions_chunk_0005.parquet: 1, 2\n        transactions_chunk_0006.parquet: 1, 2\n        transactions_chunk_0007.parquet: 1, 2\n        transactions_chunk_0008.parquet: 1, 2\n        transactions_chunk_0009.parquet: 1, 2\n        transactions_chunk_0010.parquet: 1, 2\n        transactions_chunk_0011.parquet: 1, 2\n        transactions_chunk_0012.parquet: 1, 2\n        transactions_chunk_0013.parquet: 1, 2\n        transactions_chunk_0014.parquet: 1, 2\n        transactions_chunk_0015.parquet: 1, 2\n        transactions_chunk_0016.parquet: 1, 2\n        transactions_chunk_0017.parquet: 1, 2\n        transactions_chunk_0018.parquet: 1, 2\n        transactions_chunk_0019.parquet: 1, 2\n        transactions_chunk_0020.parquet: 1, 2\n        transactions_chunk_0021.parquet: 1, 2\n        transactions_chunk_0022.parquet: 1, 2\n        transactions_chunk_0023.parquet: 1, 2"",""Shared Hit Blocks"":4,""Shared Read Blocks"":0,""Shared Dirtied Blocks"":0,""Shared Written Blocks"":0,""Local Hit Blocks"":0,""Local Read Blocks"":0,""Local Dirtied Blocks"":0,""Local Written Blocks"":0,""Temp Read Blocks"":0,""Temp Written Blocks"":0,""I/O Read Time"":0.0,""I/O Write Time"":0.0,""Temp I/O Read Time"":0.0,""Temp I/O Write Time"":0.0},""Planning"":{""Shared Hit Blocks"":275,""Shared Read Blocks"":0,""Shared Dirtied Blocks"":0,""Shared Written Blocks"":0,""Local Hit Blocks"":0,""Local Read Blocks"":0,""Local Dirtied Blocks"":0,""Local Written Blocks"":0,""Temp Read Blocks"":0,""Temp Written Blocks"":0,""I/O Read Time"":0.0,""I/O Write Time"":0.0,""Temp I/O Read Time"":0.0,""Temp I/O Write Time"":0.0},""Planning Time"":15.83,""Triggers"":[],""Execution Time"":1622.626}"
q3_product_id,transactions,product_id,high,gsi_off,warm,1,1627.472,2.013,1629.861,66,41,1999934,Foreign Scan,False,Multifile,48,0,0,850117185274e0ffa3edd55dfac7335f,"{""Plan"":{""Node Type"":""Foreign Scan"",""Operation"":""Select"",""Parallel Aware"":false,""Async Capable"":false,""Relation Name"":""transactions"",""Alias"":""transactions"",""Startup Cost"":0.0,""Total Cost"":20000.0,""Plan Rows"":41,""Plan Width"":153,""Actual Startup Time"":22.105,""Actual Total Time"":1626.528,""Actual Rows"":66,""Actual Loops"":1,""Filter"":""((product_id)::text = '850117185274e0ffa3edd55dfac7335f'::text)"",""Rows Removed by Filter"":1999934,""Reader"":""Multifile"",""Row groups"":""\n        transactions_chunk_0000.parquet: 1, 2\n        transactions_chunk_0001.parquet: 1, 2\n        transactions_chunk_0002.parquet: 1, 2\n        transactions_chunk_0003.parquet: 1, 2\n        transactions_chunk_0004.parquet: 1, 2\n        transactions_chunk_0005.parquet: 1, 2\n        transactions_chunk_0006.parquet: 1, 2\n        transactions_chunk_0007.parquet: 1, 2\n        transactions_chunk_0008.parquet: 1, 2\n        transactions_chunk_0009.parquet: 1, 2\n        transactions_chunk_0010.parquet: 1, 2\n        transactions_chunk_0011.parquet: 1, 2\n        transactions_chunk_0012.parquet: 1, 2\n        transactions_chunk_0013.parquet: 1, 2\n        transactions_chunk_0014.parquet: 1, 2\n        transactions_chunk_0015.parquet: 1, 2\n        transactions_chunk_0016.parquet: 1, 2\n        transactions_chunk_0017.parquet: 1, 2\n        transactions_chunk_0018.parquet: 1, 2\n        transactions_chunk_0019.parquet: 1, 2\n        transactions_chunk_0020.parquet: 1, 2\n        transactions_chunk_0021.parquet: 1, 2\n        transactions_chunk_0022.parquet: 1, 2\n        transactions_chunk_0023.parquet: 1, 2"",""Shared Hit Blocks"":0,""Shared Read Blocks"":0,""Shared Dirtied Blocks"":0,""Shared Written Blocks"":0,""Local Hit Blocks"":0,""Local Read Blocks"":0,""Local Dirtied Blocks"":0,""Local Written Blocks"":0,""Temp Read Blocks"":0,""Temp Written Blocks"":0,""I/O Read Time"":0.0,""I/O Write Time"":0.0,""Temp I/O Read Time"":0.0,""Temp I/O Write Time"":0.0},""Planning"":{""Shared Hit Blocks"":2,""Shared Read Blocks"":0,""Shared Dirtied Blocks"":0,""Shared Written Blocks"":0,""Local Hit Blocks"":0,""Local Read Blocks"":0,""Local Dirtied Blocks"":0,""Local Written Blocks"":0,""Temp Read Blocks"":0,""Temp Written Blocks"":0,""I/O Read Time"":0.0,""I/O Write Time"":0.0,""Temp I/O Read Time"":0.0,""Temp I/O Write Time"":0.0},""Planning Time"":2.013,""Triggers"":[],""Execution Time"":1627.472}"
q3_product_id,transactions,product_id,high,gsi_off,warm,2,1604.204,1.917,1606.585,66,41,1999934,Foreign Scan,False,Multifile,48,0,0,850117185274e0ffa3edd55dfac7335f,"{""Plan"":{""Node Type"":""Foreign Scan"",""Operation"":""Select"",""Parallel Aware"":false,""Async Capable"":false,""Relation Name"":""transactions"",""Alias"":""transactions"",""Startup Cost"":0.0,""Total Cost"":20000.0,""Plan Rows"":41,""Plan Width"":153,""Actual Startup Time"":19.123,""Actual Total Time"":1603.06,""Actual Rows"":66,""Actual Loops"":1,""Filter"":""((product_id)::text = '850117185274e0ffa3edd55dfac7335f'::text)"",""Rows Removed by Filter"":1999934,""Reader"":""Multifile"",""Row groups"":""\n        transactions_chunk_0000.parquet: 1, 2\n        transactions_chunk_0001.parquet: 1, 2\n        transactions_chunk_0002.parquet: 1, 2\n        transactions_chunk_0003.parquet: 1, 2\n        transactions_chunk_0004.parquet: 1, 2\n        transactions_chunk_0005.parquet: 1, 2\n        transactions_chunk_0006.parquet: 1, 2\n        transactions_chunk_0007.parquet: 1, 2\n        transactions_chunk_0008.parquet: 1, 2\n        transactions_chunk_0009.parquet: 1, 2\n        transactions_chunk_0010.parquet: 1, 2\n        transactions_chunk_0011.parquet: 1, 2\n        transactions_chunk_0012.parquet: 1, 2\n        transactions_chunk_0013.parquet: 1, 2\n        transactions_chunk_0014.parquet: 1, 2\n        transactions_chunk_0015.parquet: 1, 2\n        transactions_chunk_0016.parquet: 1, 2\n        transactions_chunk_0017.parquet: 1, 2\n        transactions_chunk_0018.parquet: 1, 2\n        transactions_chunk_0019.parquet: 1, 2\n        transactions_chunk_0020.parquet: 1, 2\n        transactions_chunk_0021.parquet: 1, 2\n        transactions_chunk_0022.parquet: 1, 2\n        transactions_chunk_0023.parquet: 1, 2"",""Shared Hit Blocks"":0,""Shared Read Blocks"":0,""Shared Dirtied Blocks"":0,""Shared Written Blocks"":0,""Local Hit Blocks"":0,""Local Read Blocks"":0,""Local Dirtied Blocks"":0,""Local Written Blocks"":0,""Temp Read Blocks"":0,""Temp Written Blocks"":0,""I/O Read Time"":0.0,""I/O Write Time"":0.0,""Temp I/O Read Time"":0.0,""Temp I/O Write Time"":0.0},""Planning"":{""Shared Hit Blocks"":2,""Shared Read Blocks"":0,""Shared Dirtied Blocks"":0,""Shared Written Blocks"":0,""Local Hit Blocks"":0,""Local Read Blocks"":0,""Local Dirtied Blocks"":0,""Local Written Blocks"":0,""Temp Read Blocks"":0,""Temp Written Blocks"":0,""I/O Read Time"":0.0,""I/O Write Time"":0.0,""Temp I/O Read Time"":0.0,""Temp I/O Write Time"":0.0},""Planning Time"":1.917,""Triggers"":[],""Execution Time"":1604.204}"
q3_product_id,transactions,product_id,high,gsi_off,warm,3,1607.372,2.091,1609.834,66,41,1999934,Foreign Scan,False,Multifile,48,0,0,850117185274e0ffa3edd55dfac7335f,"{""Plan"":{""Node Type"":""Foreign Scan"",""Operation"":""Select"",""Parallel Aware"":false,""Async Capable"":false,""Relation Name"":""transactions"",""Alias"":""transactions"",""Startup Cost"":0.0,""Total Cost"":20000.0,""Plan Rows"":41,""Plan Width"":153,""Actual Startup Time"":19.916,""Actual Total Time"":1606.172,""Actual Rows"":66,""Actual Loops"":1,""Filter"":""((product_id)::text = '850117185274e0ffa3edd55dfac7335f'::text)"",""Rows Removed by Filter"":1999934,""Reader"":""Multifile"",""Row groups"":""\n        transactions_chunk_0000.parquet: 1, 2\n        transactions_chunk_0001.parquet: 1, 2\n        transactions_chunk_0002.parquet: 1, 2\n        transactions_chunk_0003.parquet: 1, 2\n        transactions_chunk_0004.parquet: 1, 2\n        transactions_chunk_0005.parquet: 1, 2\n        transactions_chunk_0006.parquet: 1, 2\n        transactions_chunk_0007.parquet: 1, 2\n        transactions_chunk_0008.parquet: 1, 2\n        transactions_chunk_0009.parquet: 1, 2\n        transactions_chunk_0010.parquet: 1, 2\n        transactions_chunk_0011.parquet: 1, 2\n        transactions_chunk_0012.parquet: 1, 2\n        transactions_chunk_0013.parquet: 1, 2\n        transactions_chunk_0014.parquet: 1, 2\n        transactions_chunk_0015.parquet: 1, 2\n        transactions_chunk_0016.parquet: 1, 2\n        transactions_chunk_0017.parquet: 1, 2\n        transactions_chunk_0018.parquet: 1, 2\n        transactions_chunk_0019.parquet: 1, 2\n        transactions_chunk_0020.parquet: 1, 2\n        transactions_chunk_0021.parquet: 1, 2\n        transactions_chunk_0022.parquet: 1, 2\n        transactions_chunk_0023.parquet: 1, 2"",""Shared Hit Blocks"":0,""Shared Read Blocks"":0,""Shared Dirtied Blocks"":0,""Shared Written Blocks"":0,""Local Hit Blocks"":0,""Local Read Blocks"":0,""Local Dirtied Blocks"":0,""Local Written Blocks"":0,""Temp Read Blocks"":0,""Temp Written Blocks"":0,""I/O Read Time"":0.0,""I/O Write Time"":0.0,""Temp I/O Read Time"":0.0,""Temp I/O Write Time"":0.0},""Planning"":{""Shared Hit Blocks"":2,""Shared Read Blocks"":0,""Shared Dirtied Blocks"":0,""Shared Written Blocks"":0,""Local Hit Blocks"":0,""Local Read Blocks"":0,""Local Dirtied Blocks"":0,""Local Written Blocks"":0,""Temp Read Blocks"":0,""Temp Written Blocks"":0,""I/O Read Time"":0.0,""I/O Write Time"":0.0,""Temp I/O Read Time"":0.0,""Temp I/O Write Time"":0.0},""Planning Time"":2.091,""Triggers"":[],""Execution Time"":1607.372}"
q3_product_id,transactions,product_id,high,gsi_off,warm,4,1565.732,1.933,1568.087,66,41,1999934,Foreign Scan,False,Multifile,48,0,0,850117185274e0ffa3edd55dfac7335f,"{""Plan"":{""Node Type"":""Foreign Scan"",""Operation"":""Select"",""Parallel Aware"":false,""Async Capable"":false,""Relation Name"":""transactions"",""Alias"":""transactions"",""Startup Cost"":0.0,""Total Cost"":20000.0,""Plan Rows"":41,""Plan Width"":153,""Actual Startup Time"":19.311,""Actual Total Time"":1564.61,""Actual Rows"":66,""Actual Loops"":1,""Filter"":""((product_id)::text = '850117185274e0ffa3edd55dfac7335f'::text)"",""Rows Removed by Filter"":1999934,""Reader"":""Multifile"",""Row groups"":""\n        transactions_chunk_0000.parquet: 1, 2\n        transactions_chunk_0001.parquet: 1, 2\n        transactions_chunk_0002.parquet: 1, 2\n        transactions_chunk_0003.parquet: 1, 2\n        transactions_chunk_0004.parquet: 1, 2\n        transactions_chunk_0005.parquet: 1, 2\n        transactions_chunk_0006.parquet: 1, 2\n        transactions_chunk_0007.parquet: 1, 2\n        transactions_chunk_0008.parquet: 1, 2\n        transactions_chunk_0009.parquet: 1, 2\n        transactions_chunk_0010.parquet: 1, 2\n        transactions_chunk_0011.parquet: 1, 2\n        transactions_chunk_0012.parquet: 1, 2\n        transactions_chunk_0013.parquet: 1, 2\n        transactions_chunk_0014.parquet: 1, 2\n        transactions_chunk_0015.parquet: 1, 2\n        transactions_chunk_0016.parquet: 1, 2\n        transactions_chunk_0017.parquet: 1, 2\n        transactions_chunk_0018.parquet: 1, 2\n        transactions_chunk_0019.parquet: 1, 2\n        transactions_chunk_0020.parquet: 1, 2\n        transactions_chunk_0021.parquet: 1, 2\n        transactions_chunk_0022.parquet: 1, 2\n        transactions_chunk_0023.parquet: 1, 2"",""Shared Hit Blocks"":0,""Shared Read Blocks"":0,""Shared Dirtied Blocks"":0,""Shared Written Blocks"":0,""Local Hit Blocks"":0,""Local Read Blocks"":0,""Local Dirtied Blocks"":0,""Local Written Blocks"":0,""Temp Read Blocks"":0,""Temp Written Blocks"":0,""I/O Read Time"":0.0,""I/O Write Time"":0.0,""Temp I/O Read Time"":0.0,""Temp I/O Write Time"":0.0},""Planning"":{""Shared Hit Blocks"":2,""Shared Read Blocks"":0,""Shared Dirtied Blocks"":0,""Shared Written Blocks"":0,""Local Hit Blocks"":0,""Local Read Blocks"":0,""Local Dirtied Blocks"":0,""Local Written Blocks"":0,""Temp Read Blocks"":0,""Temp Written Blocks"":0,""I/O Read Time"":0.0,""I/O Write Time"":0.0,""Temp I/O Read Time"":0.0,""Temp I/O Write Time"":0.0},""Planning Time"":1.933,""Triggers"":[],""Execution Time"":1565.732}"
q3_product_id,transactions,product_id,high,gsi_off,warm,5,1576.777,2.037,1579.196,66,41,1999934,Foreign Scan,False,Multifile,48,0,0,850117185274e0ffa3edd55dfac7335f,"{""Plan"":{""Node Type"":""Foreign Scan"",""Operation"":""Select"",""Parallel Aware"":false,""Async Capable"":false,""Relation Name"":""transactions"",""Alias"":""transactions"",""Startup Cost"":0.0,""Total Cost"":20000.0,""Plan Rows"":41,""Plan Width"":153,""Actual Startup Time"":24.547,""Actual Total Time"":1575.564,""Actual Rows"":66,""Actual Loops"":1,""Filter"":""((product_id)::text = '850117185274e0ffa3edd55dfac7335f'::text)"",""Rows Removed by Filter"":1999934,""Reader"":""Multifile"",""Row groups"":""\n        transactions_chunk_0000.parquet: 1, 2\n        transactions_chunk_0001.parquet: 1, 2\n        transactions_chunk_0002.parquet: 1, 2\n        transactions_chunk_0003.parquet: 1, 2\n        transactions_chunk_0004.parquet: 1, 2\n        transactions_chunk_0005.parquet: 1, 2\n        transactions_chunk_0006.parquet: 1, 2\n        transactions_chunk_0007.parquet: 1, 2\n        transactions_chunk_0008.parquet: 1, 2\n        transactions_chunk_0009.parquet: 1, 2\n        transactions_chunk_0010.parquet: 1, 2\n        transactions_chunk_0011.parquet: 1, 2\n        transactions_chunk_0012.parquet: 1, 2\n        transactions_chunk_0013.parquet: 1, 2\n        transactions_chunk_0014.parquet: 1, 2\n        transactions_chunk_0015.parquet: 1, 2\n        transactions_chunk_0016.parquet: 1, 2\n        transactions_chunk_0017.parquet: 1, 2\n        transactions_chunk_0018.parquet: 1, 2\n        transactions_chunk_0019.parquet: 1, 2\n        transactions_chunk_0020.parquet: 1, 2\n        transactions_chunk_0021.parquet: 1, 2\n        transactions_chunk_0022.parquet: 1, 2\n        transactions_chunk_0023.parquet: 1, 2"",""Shared Hit Blocks"":0,""Shared Read Blocks"":0,""Shared Dirtied Blocks"":0,""Shared Written Blocks"":0,""Local Hit Blocks"":0,""Local Read Blocks"":0,""Local Dirtied Blocks"":0,""Local Written Blocks"":0,""Temp Read Blocks"":0,""Temp Written Blocks"":0,""I/O Read Time"":0.0,""I/O Write Time"":0.0,""Temp I/O Read Time"":0.0,""Temp I/O Write Time"":0.0},""Planning"":{""Shared Hit Blocks"":2,""Shared Read Blocks"":0,""Shared Dirtied Blocks"":0,""Shared Written Blocks"":0,""Local Hit Blocks"":0,""Local Read Blocks"":0,""Local Dirtied Blocks"":0,""Local Written Blocks"":0,""Temp Read Blocks"":0,""Temp Written Blocks"":0,""I/O Read Time"":0.0,""I/O Write Time"":0.0,""Temp I/O Read Time"":0.0,""Temp I/O Write Time"":0.0},""Planning Time"":2.037,""Triggers"":[],""Execution Time"":1576.777}"
q4_age,customers,age,low,gsi_off,cold,1,133.684,16.983,151.134,3246,3187,196754,Foreign Scan,False,Multifile,4,7,0,30,"{""Plan"":{""Node Type"":""Foreign Scan"",""Operation"":""Select"",""Parallel Aware"":false,""Async Capable"":false,""Relation Name"":""customers"",""Alias"":""customers"",""Startup Cost"":0.0,""Total Cost"":2000.0,""Plan Rows"":3187,""Plan Width"":90,""Actual Startup Time"":12.613,""Actual Total Time"":133.491,""Actual Rows"":3246,""Actual Loops"":1,""Filter"":""(age = 30)"",""Rows Removed by Filter"":196754,""Reader"":""Multifile"",""Row groups"":""\n        customers_chunk_0000.parquet: 1, 2\n        customers_chunk_0001.parquet: 1, 2"",""Shared Hit Blocks"":7,""Shared Read Blocks"":0,""Shared Dirtied Blocks"":0,""Shared Written Blocks"":0,""Local Hit Blocks"":0,""Local Read Blocks"":0,""Local Dirtied Blocks"":0,""Local Written Blocks"":0,""Temp Read Blocks"":0,""Temp Written Blocks"":0,""I/O Read Time"":0.0,""I/O Write Time"":0.0,""Temp I/O Read Time"":0.0,""Temp I/O Write Time"":0.0},""Planning"":{""Shared Hit Blocks"":319,""Shared Read Blocks"":0,""Shared Dirtied Blocks"":0,""Shared Written Blocks"":0,""Local Hit Blocks"":0,""Local Read Blocks"":0,""Local Dirtied Blocks"":0,""Local Written Blocks"":0,""Temp Read Blocks"":0,""Temp Written Blocks"":0,""I/O Read Time"":0.0,""I/O Write Time"":0.0,""Temp I/O Read Time"":0.0,""Temp I/O Write Time"":0.0},""Planning Time"":16.983,""Triggers"":[],""Execution Time"":133.684}"
q4_age,customers,age,low,gsi_off,cold,2,135.877,19.888,156.286,3246,3187,196754,Foreign Scan,False,Multifile,4,7,0,30,"{""Plan"":{""Node Type"":""Foreign Scan"",""Operation"":""Select"",""Parallel Aware"":false,""Async Capable"":false,""Relation Name"":""customers"",""Alias"":""customers"",""Startup Cost"":0.0,""Total Cost"":2000.0,""Plan Rows"":3187,""Plan Width"":90,""Actual Startup Time"":12.196,""Actual Total Time"":135.688,""Actual Rows"":3246,""Actual Loops"":1,""Filter"":""(age = 30)"",""Rows Removed by Filter"":196754,""Reader"":""Multifile"",""Row groups"":""\n        customers_chunk_0000.parquet: 1, 2\n        customers_chunk_0001.parquet: 1, 2"",""Shared Hit Blocks"":7,""Shared Read Blocks"":0,""Shared Dirtied Blocks"":0,""Shared Written Blocks"":0,""Local Hit Blocks"":0,""Local Read Blocks"":0,""Local Dirtied Blocks"":0,""Local Written Blocks"":0,""Temp Read Blocks"":0,""Temp Written Blocks"":0,""I/O Read Time"":0.0,""I/O Write Time"":0.0,""Temp I/O Read Time"":0.0,""Temp I/O Write Time"":0.0},""Planning"":{""Shared Hit Blocks"":319,""Shared Read Blocks"":0,""Shared Dirtied Blocks"":0,""Shared Written Blocks"":0,""Local Hit Blocks"":0,""Local Read Blocks"":0,""Local Dirtied Blocks"":0,""Local Written Blocks"":0,""Temp Read Blocks"":0,""Temp Written Blocks"":0,""I/O Read Time"":0.0,""I/O Write Time"":0.0,""Temp I/O Read Time"":0.0,""Temp I/O Write Time"":0.0},""Planning Time"":19.888,""Triggers"":[],""Execution Time"":135.877}"
q4_age,customers,age,low,gsi_off,cold,3,137.114,14.897,152.497,3246,3187,196754,Foreign Scan,False,Multifile,4,7,0,30,"{""Plan"":{""Node Type"":""Foreign Scan"",""Operation"":""Select"",""Parallel Aware"":false,""Async Capable"":false,""Relation Name"":""customers"",""Alias"":""customers"",""Startup Cost"":0.0,""Total Cost"":2000.0,""Plan Rows"":3187,""Plan Width"":90,""Actual Startup Time"":12.033,""Actual Total Time"":136.925,""Actual Rows"":3246,""Actual Loops"":1,""Filter"":""(age = 30)"",""Rows Removed by Filter"":196754,""Reader"":""Multifile"",""Row groups"":""\n        customers_chunk_0000.parquet: 1, 2\n        customers_chunk_0001.parquet: 1, 2"",""Shared Hit Blocks"":7,""Shared Read Blocks"":0,""Shared Dirtied Blocks"":0,""Shared Written Blocks"":0,""Local Hit Blocks"":0,""Local Read Blocks"":0,""Local Dirtied Blocks"":0,""Local Written Blocks"":0,""Temp Read Blocks"":0,""Temp Written Blocks"":0,""I/O Read Time"":0.0,""I/O Write Time"":0.0,""Temp I/O Read Time"":0.0,""Temp I/O Write Time"":0.0},""Planning"":{""Shared Hit Blocks"":319,""Shared Read Blocks"":0,""Shared Dirtied Blocks"":0,""Shared Written Blocks"":0,""Local Hit Blocks"":0,""Local Read Blocks"":0,""Local Dirtied Blocks"":0,""Local Written Blocks"":0,""Temp Read Blocks"":0,""Temp Written Blocks"":0,""I/O Read Time"":0.0,""I/O Write Time"":0.0,""Temp I/O Read Time"":0.0,""Temp I/O Write Time"":0.0},""Planning Time"":14.897,""Triggers"":[],""Execution Time"":137.114}"
q4_age,customers,age,low,gsi_off,cold,4,134.268,14.864,149.583,3246,3187,196754,Foreign Scan,False,Multifile,4,7,0,30,"{""Plan"":{""Node Type"":""Foreign Scan"",""Operation"":""Select"",""Parallel Aware"":false,""Async Capable"":false,""Relation Name"":""customers"",""Alias"":""customers"",""Startup Cost"":0.0,""Total Cost"":2000.0,""Plan Rows"":3187,""Plan Width"":90,""Actual Startup Time"":12.47,""Actual Total Time"":134.08,""Actual Rows"":3246,""Actual Loops"":1,""Filter"":""(age = 30)"",""Rows Removed by Filter"":196754,""Reader"":""Multifile"",""Row groups"":""\n        customers_chunk_0000.parquet: 1, 2\n        customers_chunk_0001.parquet: 1, 2"",""Shared Hit Blocks"":7,""Shared Read Blocks"":0,""Shared Dirtied Blocks"":0,""Shared Written Blocks"":0,""Local Hit Blocks"":0,""Local Read Blocks"":0,""Local Dirtied Blocks"":0,""Local Written Blocks"":0,""Temp Read Blocks"":0,""Temp Written Blocks"":0,""I/O Read Time"":0.0,""I/O Write Time"":0.0,""Temp I/O Read Time"":0.0,""Temp I/O Write Time"":0.0},""Planning"":{""Shared Hit Blocks"":319,""Shared Read Blocks"":0,""Shared Dirtied Blocks"":0,""Shared Written Blocks"":0,""Local Hit Blocks"":0,""Local Read Blocks"":0,""Local Dirtied Blocks"":0,""Local Written Blocks"":0,""Temp Read Blocks"":0,""Temp Written Blocks"":0,""I/O Read Time"":0.0,""I/O Write Time"":0.0,""Temp I/O Read Time"":0.0,""Temp I/O Write Time"":0.0},""Planning Time"":14.864,""Triggers"":[],""Execution Time"":134.268}"
q4_age,customers,age,low,gsi_off,cold,5,131.206,14.688,146.316,3246,3187,196754,Foreign Scan,False,Multifile,4,7,0,30,"{""Plan"":{""Node Type"":""Foreign Scan"",""Operation"":""Select"",""Parallel Aware"":false,""Async Capable"":false,""Relation Name"":""customers"",""Alias"":""customers"",""Startup Cost"":0.0,""Total Cost"":2000.0,""Plan Rows"":3187,""Plan Width"":90,""Actual Startup Time"":12.029,""Actual Total Time"":131.033,""Actual Rows"":3246,""Actual Loops"":1,""Filter"":""(age = 30)"",""Rows Removed by Filter"":196754,""Reader"":""Multifile"",""Row groups"":""\n        customers_chunk_0000.parquet: 1, 2\n        customers_chunk_0001.parquet: 1, 2"",""Shared Hit Blocks"":7,""Shared Read Blocks"":0,""Shared Dirtied Blocks"":0,""Shared Written Blocks"":0,""Local Hit Blocks"":0,""Local Read Blocks"":0,""Local Dirtied Blocks"":0,""Local Written Blocks"":0,""Temp Read Blocks"":0,""Temp Written Blocks"":0,""I/O Read Time"":0.0,""I/O Write Time"":0.0,""Temp I/O Read Time"":0.0,""Temp I/O Write Time"":0.0},""Planning"":{""Shared Hit Blocks"":319,""Shared Read Blocks"":0,""Shared Dirtied Blocks"":0,""Shared Written Blocks"":0,""Local Hit Blocks"":0,""Local Read Blocks"":0,""Local Dirtied Blocks"":0,""Local Written Blocks"":0,""Temp Read Blocks"":0,""Temp Written Blocks"":0,""I/O Read Time"":0.0,""I/O Write Time"":0.0,""Temp I/O Read Time"":0.0,""Temp I/O Write Time"":0.0},""Planning Time"":14.688,""Triggers"":[],""Execution Time"":131.206}"
q4_age,customers,age,low,gsi_off,warm,1,122.044,0.414,122.854,3246,3187,196754,Foreign Scan,False,Multifile,4,0,0,30,"{""Plan"":{""Node Type"":""Foreign Scan"",""Operation"":""Select"",""Parallel Aware"":false,""Async Capable"":false,""Relation Name"":""customers"",""Alias"":""customers"",""Startup Cost"":0.0,""Total Cost"":2000.0,""Plan Rows"":3187,""Plan Width"":90,""Actual Startup Time"":7.811,""Actual Total Time"":121.746,""Actual Rows"":3246,""Actual Loops"":1,""Filter"":""(age = 30)"",""Rows Removed by Filter"":196754,""Reader"":""Multifile"",""Row groups"":""\n        customers_chunk_0000.parquet: 1, 2\n        customers_chunk_0001.parquet: 1, 2"",""Shared Hit Blocks"":0,""Shared Read Blocks"":0,""Shared Dirtied Blocks"":0,""Shared Written Blocks"":0,""Local Hit Blocks"":0,""Local Read Blocks"":0,""Local Dirtied Blocks"":0,""Local Written Blocks"":0,""Temp Read Blocks"":0,""Temp Written Blocks"":0,""I/O Read Time"":0.0,""I/O Write Time"":0.0,""Temp I/O Read Time"":0.0,""Temp I/O Write Time"":0.0},""Planning"":{""Shared Hit Blocks"":15,""Shared Read Blocks"":0,""Shared Dirtied Blocks"":0,""Shared Written Blocks"":0,""Local Hit Blocks"":0,""Local Read Blocks"":0,""Local Dirtied Blocks"":0,""Local Written Blocks"":0,""Temp Read Blocks"":0,""Temp Written Blocks"":0,""I/O Read Time"":0.0,""I/O Write Time"":0.0,""Temp I/O Read Time"":0.0,""Temp I/O Write Time"":0.0},""Planning Time"":0.414,""Triggers"":[],""Execution Time"":122.044}"
q4_age,customers,age,low,gsi_off,warm,2,123.817,0.357,124.532,3246,3187,196754,Foreign Scan,False,Multifile,4,0,0,30,"{""Plan"":{""Node Type"":""Foreign Scan"",""Operation"":""Select"",""Parallel Aware"":false,""Async Capable"":false,""Relation Name"":""customers"",""Alias"":""customers"",""Startup Cost"":0.0,""Total Cost"":2000.0,""Plan Rows"":3187,""Plan Width"":90,""Actual Startup Time"":8.065,""Actual Total Time"":123.493,""Actual Rows"":3246,""Actual Loops"":1,""Filter"":""(age = 30)"",""Rows Removed by Filter"":196754,""Reader"":""Multifile"",""Row groups"":""\n        customers_chunk_0000.parquet: 1, 2\n        customers_chunk_0001.parquet: 1, 2"",""Shared Hit Blocks"":0,""Shared Read Blocks"":0,""Shared Dirtied Blocks"":0,""Shared Written Blocks"":0,""Local Hit Blocks"":0,""Local Read Blocks"":0,""Local Dirtied Blocks"":0,""Local Written Blocks"":0,""Temp Read Blocks"":0,""Temp Written Blocks"":0,""I/O Read Time"":0.0,""I/O Write Time"":0.0,""Temp I/O Read Time"":0.0,""Temp I/O Write Time"":0.0},""Planning"":{""Shared Hit Blocks"":15,""Shared Read Blocks"":0,""Shared Dirtied Blocks"":0,""Shared Written Blocks"":0,""Local Hit Blocks"":0,""Local Read Blocks"":0,""Local Dirtied Blocks"":0,""Local Written Blocks"":0,""Temp Read Blocks"":0,""Temp Written Blocks"":0,""I/O Read Time"":0.0,""I/O Write Time"":0.0,""Temp I/O Read Time"":0.0,""Temp I/O Write Time"":0.0},""Planning Time"":0.357,""Triggers"":[],""Execution Time"":123.817}"
q4_age,customers,age,low,gsi_off,warm,3,123.302,0.367,124.015,3246,3187,196754,Foreign Scan,False,Multifile,4,0,0,30,"{""Plan"":{""Node Type"":""Foreign Scan"",""Operation"":""Select"",""Parallel Aware"":false,""Async Capable"":false,""Relation Name"":""customers"",""Alias"":""customers"",""Startup Cost"":0.0,""Total Cost"":2000.0,""Plan Rows"":3187,""Plan Width"":90,""Actual Startup Time"":7.391,""Actual Total Time"":122.988,""Actual Rows"":3246,""Actual Loops"":1,""Filter"":""(age = 30)"",""Rows Removed by Filter"":196754,""Reader"":""Multifile"",""Row groups"":""\n        customers_chunk_0000.parquet: 1, 2\n        customers_chunk_0001.parquet: 1, 2"",""Shared Hit Blocks"":0,""Shared Read Blocks"":0,""Shared Dirtied Blocks"":0,""Shared Written Blocks"":0,""Local Hit Blocks"":0,""Local Read Blocks"":0,""Local Dirtied Blocks"":0,""Local Written Blocks"":0,""Temp Read Blocks"":0,""Temp Written Blocks"":0,""I/O Read Time"":0.0,""I/O Write Time"":0.0,""Temp I/O Read Time"":0.0,""Temp I/O Write Time"":0.0},""Planning"":{""Shared Hit Blocks"":15,""Shared Read Blocks"":0,""Shared Dirtied Blocks"":0,""Shared Written Blocks"":0,""Local Hit Blocks"":0,""Local Read Blocks"":0,""Local Dirtied Blocks"":0,""Local Written Blocks"":0,""Temp Read Blocks"":0,""Temp Written Blocks"":0,""I/O Read Time"":0.0,""I/O Write Time"":0.0,""Temp I/O Read Time"":0.0,""Temp I/O Write Time"":0.0},""Planning Time"":0.367,""Triggers"":[],""Execution Time"":123.302}"
q4_age,customers,age,low,gsi_off,warm,4,122.458,0.43,123.353,3246,3187,196754,Foreign Scan,False,Multifile,4,0,0,30,"{""Plan"":{""Node Type"":""Foreign Scan"",""Operation"":""Select"",""Parallel Aware"":false,""Async Capable"":false,""Relation Name"":""customers"",""Alias"":""customers"",""Startup Cost"":0.0,""Total Cost"":2000.0,""Plan Rows"":3187,""Plan Width"":90,""Actual Startup Time"":7.621,""Actual Total Time"":122.155,""Actual Rows"":3246,""Actual Loops"":1,""Filter"":""(age = 30)"",""Rows Removed by Filter"":196754,""Reader"":""Multifile"",""Row groups"":""\n        customers_chunk_0000.parquet: 1, 2\n        customers_chunk_0001.parquet: 1, 2"",""Shared Hit Blocks"":0,""Shared Read Blocks"":0,""Shared Dirtied Blocks"":0,""Shared Written Blocks"":0,""Local Hit Blocks"":0,""Local Read Blocks"":0,""Local Dirtied Blocks"":0,""Local Written Blocks"":0,""Temp Read Blocks"":0,""Temp Written Blocks"":0,""I/O Read Time"":0.0,""I/O Write Time"":0.0,""Temp I/O Read Time"":0.0,""Temp I/O Write Time"":0.0},""Planning"":{""Shared Hit Blocks"":15,""Shared Read Blocks"":0,""Shared Dirtied Blocks"":0,""Shared Written Blocks"":0,""Local Hit Blocks"":0,""Local Read Blocks"":0,""Local Dirtied Blocks"":0,""Local Written Blocks"":0,""Temp Read Blocks"":0,""Temp Written Blocks"":0,""I/O Read Time"":0.0,""I/O Write Time"":0.0,""Temp I/O Read Time"":0.0,""Temp I/O Write Time"":0.0},""Planning Time"":0.43,""Triggers"":[],""Execution Time"":122.458}"
q4_age,customers,age,low,gsi_off,warm,5,123.862,0.369,124.574,3246,3187,196754,Foreign Scan,False,Multifile,4,0,0,30,"{""Plan"":{""Node Type"":""Foreign Scan"",""Operation"":""Select"",""Parallel Aware"":false,""Async Capable"":false,""Relation Name"":""customers"",""Alias"":""customers"",""Startup Cost"":0.0,""Total Cost"":2000.0,""Plan Rows"":3187,""Plan Width"":90,""Actual Startup Time"":7.862,""Actual Total Time"":123.569,""Actual Rows"":3246,""Actual Loops"":1,""Filter"":""(age = 30)"",""Rows Removed by Filter"":196754,""Reader"":""Multifile"",""Row groups"":""\n        customers_chunk_0000.parquet: 1, 2\n        customers_chunk_0001.parquet: 1, 2"",""Shared Hit Blocks"":0,""Shared Read Blocks"":0,""Shared Dirtied Blocks"":0,""Shared Written Blocks"":0,""Local Hit Blocks"":0,""Local Read Blocks"":0,""Local Dirtied Blocks"":0,""Local Written Blocks"":0,""Temp Read Blocks"":0,""Temp Written Blocks"":0,""I/O Read Time"":0.0,""I/O Write Time"":0.0,""Temp I/O Read Time"":0.0,""Temp I/O Write Time"":0.0},""Planning"":{""Shared Hit Blocks"":15,""Shared Read Blocks"":0,""Shared Dirtied Blocks"":0,""Shared Written Blocks"":0,""Local Hit Blocks"":0,""Local Read Blocks"":0,""Local Dirtied Blocks"":0,""Local Written Blocks"":0,""Temp Read Blocks"":0,""Temp Written Blocks"":0,""I/O Read Time"":0.0,""I/O Write Time"":0.0,""Temp I/O Read Time"":0.0,""Temp I/O Write Time"":0.0},""Planning Time"":0.369,""Triggers"":[],""Execution Time"":123.862}"
q1_order_id,transactions,order_id,high,gsi_on,cold,1,37.61,17.078,55.537,1,1,33332,Foreign Scan,True,Single File,1,4,0,00225d9434f9720e7869a6971fa67640,"{""Plan"":{""Node Type"":""Foreign Scan"",""Operation"":""Select"",""Parallel Aware"":false,""Async Capable"":false,""Relation Name"":""transactions"",""Alias"":""transactions"",""Startup Cost"":8.0,""Total Cost"":22.14,""Plan Rows"":1,""Plan Width"":153,""Actual Startup Time"":16.681,""Actual Total Time"":36.925,""Actual Rows"":1,""Actual Loops"":1,""Filter"":""((order_id)::text = '00225d9434f9720e7869a6971fa67640'::text)"",""Rows Removed by Filter"":33332,""Global Secondary Index"":""Active (B+ Tree Filter)"",""Reader"":""Single File"",""Row groups"":""2"",""Shared Hit Blocks"":4,""Shared Read Blocks"":0,""Shared Dirtied Blocks"":0,""Shared Written Blocks"":0,""Local Hit Blocks"":0,""Local Read Blocks"":0,""Local Dirtied Blocks"":0,""Local Written Blocks"":0,""Temp Read Blocks"":0,""Temp Written Blocks"":0,""I/O Read Time"":0.0,""I/O Write Time"":0.0,""Temp I/O Read Time"":0.0,""Temp I/O Write Time"":0.0},""Planning"":{""Shared Hit Blocks"":285,""Shared Read Blocks"":0,""Shared Dirtied Blocks"":0,""Shared Written Blocks"":0,""Local Hit Blocks"":0,""Local Read Blocks"":0,""Local Dirtied Blocks"":0,""Local Written Blocks"":0,""Temp Read Blocks"":0,""Temp Written Blocks"":0,""I/O Read Time"":0.0,""I/O Write Time"":0.0,""Temp I/O Read Time"":0.0,""Temp I/O Write Time"":0.0},""Planning Time"":17.078,""Triggers"":[],""Execution Time"":37.61}"
q1_order_id,transactions,order_id,high,gsi_on,cold,2,40.935,24.062,65.816,1,1,33332,Foreign Scan,True,Single File,1,4,0,00225d9434f9720e7869a6971fa67640,"{""Plan"":{""Node Type"":""Foreign Scan"",""Operation"":""Select"",""Parallel Aware"":false,""Async Capable"":false,""Relation Name"":""transactions"",""Alias"":""transactions"",""Startup Cost"":8.0,""Total Cost"":22.14,""Plan Rows"":1,""Plan Width"":153,""Actual Startup Time"":19.907,""Actual Total Time"":40.057,""Actual Rows"":1,""Actual Loops"":1,""Filter"":""((order_id)::text = '00225d9434f9720e7869a6971fa67640'::text)"",""Rows Removed by Filter"":33332,""Global Secondary Index"":""Active (B+ Tree Filter)"",""Reader"":""Single File"",""Row groups"":""2"",""Shared Hit Blocks"":4,""Shared Read Blocks"":0,""Shared Dirtied Blocks"":0,""Shared Written Blocks"":0,""Local Hit Blocks"":0,""Local Read Blocks"":0,""Local Dirtied Blocks"":0,""Local Written Blocks"":0,""Temp Read Blocks"":0,""Temp Written Blocks"":0,""I/O Read Time"":0.0,""I/O Write Time"":0.0,""Temp I/O Read Time"":0.0,""Temp I/O Write Time"":0.0},""Planning"":{""Shared Hit Blocks"":285,""Shared Read Blocks"":0,""Shared Dirtied Blocks"":0,""Shared Written Blocks"":0,""Local Hit Blocks"":0,""Local Read Blocks"":0,""Local Dirtied Blocks"":0,""Local Written Blocks"":0,""Temp Read Blocks"":0,""Temp Written Blocks"":0,""I/O Read Time"":0.0,""I/O Write Time"":0.0,""Temp I/O Read Time"":0.0,""Temp I/O Write Time"":0.0},""Planning Time"":24.062,""Triggers"":[],""Execution Time"":40.935}"
q1_order_id,transactions,order_id,high,gsi_on,cold,3,36.776,17.657,55.257,1,1,33332,Foreign Scan,True,Single File,1,4,0,00225d9434f9720e7869a6971fa67640,"{""Plan"":{""Node Type"":""Foreign Scan"",""Operation"":""Select"",""Parallel Aware"":false,""Async Capable"":false,""Relation Name"":""transactions"",""Alias"":""transactions"",""Startup Cost"":8.0,""Total Cost"":22.14,""Plan Rows"":1,""Plan Width"":153,""Actual Startup Time"":17.02,""Actual Total Time"":36.023,""Actual Rows"":1,""Actual Loops"":1,""Filter"":""((order_id)::text = '00225d9434f9720e7869a6971fa67640'::text)"",""Rows Removed by Filter"":33332,""Global Secondary Index"":""Active (B+ Tree Filter)"",""Reader"":""Single File"",""Row groups"":""2"",""Shared Hit Blocks"":4,""Shared Read Blocks"":0,""Shared Dirtied Blocks"":0,""Shared Written Blocks"":0,""Local Hit Blocks"":0,""Local Read Blocks"":0,""Local Dirtied Blocks"":0,""Local Written Blocks"":0,""Temp Read Blocks"":0,""Temp Written Blocks"":0,""I/O Read Time"":0.0,""I/O Write Time"":0.0,""Temp I/O Read Time"":0.0,""Temp I/O Write Time"":0.0},""Planning"":{""Shared Hit Blocks"":285,""Shared Read Blocks"":0,""Shared Dirtied Blocks"":0,""Shared Written Blocks"":0,""Local Hit Blocks"":0,""Local Read Blocks"":0,""Local Dirtied Blocks"":0,""Local Written Blocks"":0,""Temp Read Blocks"":0,""Temp Written Blocks"":0,""I/O Read Time"":0.0,""I/O Write Time"":0.0,""Temp I/O Read Time"":0.0,""Temp I/O Write Time"":0.0},""Planning Time"":17.657,""Triggers"":[],""Execution Time"":36.776}"
q1_order_id,transactions,order_id,high,gsi_on,cold,4,36.195,18.878,55.988,1,1,33332,Foreign Scan,True,Single File,1,4,0,00225d9434f9720e7869a6971fa67640,"{""Plan"":{""Node Type"":""Foreign Scan"",""Operation"":""Select"",""Parallel Aware"":false,""Async Capable"":false,""Relation Name"":""transactions"",""Alias"":""transactions"",""Startup Cost"":8.0,""Total Cost"":22.14,""Plan Rows"":1,""Plan Width"":153,""Actual Startup Time"":18.568,""Actual Total Time"":35.447,""Actual Rows"":1,""Actual Loops"":1,""Filter"":""((order_id)::text = '00225d9434f9720e7869a6971fa67640'::text)"",""Rows Removed by Filter"":33332,""Global Secondary Index"":""Active (B+ Tree Filter)"",""Reader"":""Single File"",""Row groups"":""2"",""Shared Hit Blocks"":4,""Shared Read Blocks"":0,""Shared Dirtied Blocks"":0,""Shared Written Blocks"":0,""Local Hit Blocks"":0,""Local Read Blocks"":0,""Local Dirtied Blocks"":0,""Local Written Blocks"":0,""Temp Read Blocks"":0,""Temp Written Blocks"":0,""I/O Read Time"":0.0,""I/O Write Time"":0.0,""Temp I/O Read Time"":0.0,""Temp I/O Write Time"":0.0},""Planning"":{""Shared Hit Blocks"":285,""Shared Read Blocks"":0,""Shared Dirtied Blocks"":0,""Shared Written Blocks"":0,""Local Hit Blocks"":0,""Local Read Blocks"":0,""Local Dirtied Blocks"":0,""Local Written Blocks"":0,""Temp Read Blocks"":0,""Temp Written Blocks"":0,""I/O Read Time"":0.0,""I/O Write Time"":0.0,""Temp I/O Read Time"":0.0,""Temp I/O Write Time"":0.0},""Planning Time"":18.878,""Triggers"":[],""Execution Time"":36.195}"
q1_order_id,transactions,order_id,high,gsi_on,cold,5,36.641,17.516,55.131,1,1,33332,Foreign Scan,True,Single File,1,4,0,00225d9434f9720e7869a6971fa67640,"{""Plan"":{""Node Type"":""Foreign Scan"",""Operation"":""Select"",""Parallel Aware"":false,""Async Capable"":false,""Relation Name"":""transactions"",""Alias"":""transactions"",""Startup Cost"":8.0,""Total Cost"":22.14,""Plan Rows"":1,""Plan Width"":153,""Actual Startup Time"":18.711,""Actual Total Time"":35.775,""Actual Rows"":1,""Actual Loops"":1,""Filter"":""((order_id)::text = '00225d9434f9720e7869a6971fa67640'::text)"",""Rows Removed by Filter"":33332,""Global Secondary Index"":""Active (B+ Tree Filter)"",""Reader"":""Single File"",""Row groups"":""2"",""Shared Hit Blocks"":4,""Shared Read Blocks"":0,""Shared Dirtied Blocks"":0,""Shared Written Blocks"":0,""Local Hit Blocks"":0,""Local Read Blocks"":0,""Local Dirtied Blocks"":0,""Local Written Blocks"":0,""Temp Read Blocks"":0,""Temp Written Blocks"":0,""I/O Read Time"":0.0,""I/O Write Time"":0.0,""Temp I/O Read Time"":0.0,""Temp I/O Write Time"":0.0},""Planning"":{""Shared Hit Blocks"":285,""Shared Read Blocks"":0,""Shared Dirtied Blocks"":0,""Shared Written Blocks"":0,""Local Hit Blocks"":0,""Local Read Blocks"":0,""Local Dirtied Blocks"":0,""Local Written Blocks"":0,""Temp Read Blocks"":0,""Temp Written Blocks"":0,""I/O Read Time"":0.0,""I/O Write Time"":0.0,""Temp I/O Read Time"":0.0,""Temp I/O Write Time"":0.0},""Planning Time"":17.516,""Triggers"":[],""Execution Time"":36.641}"
q1_order_id,transactions,order_id,high,gsi_on,warm,1,30.659,2.378,33.563,1,1,33332,Foreign Scan,True,Single File,1,0,0,00225d9434f9720e7869a6971fa67640,"{""Plan"":{""Node Type"":""Foreign Scan"",""Operation"":""Select"",""Parallel Aware"":false,""Async Capable"":false,""Relation Name"":""transactions"",""Alias"":""transactions"",""Startup Cost"":8.0,""Total Cost"":22.14,""Plan Rows"":1,""Plan Width"":153,""Actual Startup Time"":14.174,""Actual Total Time"":30.354,""Actual Rows"":1,""Actual Loops"":1,""Filter"":""((order_id)::text = '00225d9434f9720e7869a6971fa67640'::text)"",""Rows Removed by Filter"":33332,""Global Secondary Index"":""Active (B+ Tree Filter)"",""Reader"":""Single File"",""Row groups"":""2"",""Shared Hit Blocks"":0,""Shared Read Blocks"":0,""Shared Dirtied Blocks"":0,""Shared Written Blocks"":0,""Local Hit Blocks"":0,""Local Read Blocks"":0,""Local Dirtied Blocks"":0,""Local Written Blocks"":0,""Temp Read Blocks"":0,""Temp Written Blocks"":0,""I/O Read Time"":0.0,""I/O Write Time"":0.0,""Temp I/O Read Time"":0.0,""Temp I/O Write Time"":0.0},""Planning"":{""Shared Hit Blocks"":2,""Shared Read Blocks"":0,""Shared Dirtied Blocks"":0,""Shared Written Blocks"":0,""Local Hit Blocks"":0,""Local Read Blocks"":0,""Local Dirtied Blocks"":0,""Local Written Blocks"":0,""Temp Read Blocks"":0,""Temp Written Blocks"":0,""I/O Read Time"":0.0,""I/O Write Time"":0.0,""Temp I/O Read Time"":0.0,""Temp I/O Write Time"":0.0},""Planning Time"":2.378,""Triggers"":[],""Execution Time"":30.659}"
q1_order_id,transactions,order_id,high,gsi_on,warm,2,28.808,2.185,31.705,1,1,33332,Foreign Scan,True,Single File,1,0,0,00225d9434f9720e7869a6971fa67640,"{""Plan"":{""Node Type"":""Foreign Scan"",""Operation"":""Select"",""Parallel Aware"":false,""Async Capable"":false,""Relation Name"":""transactions"",""Alias"":""transactions"",""Startup Cost"":8.0,""Total Cost"":22.14,""Plan Rows"":1,""Plan Width"":153,""Actual Startup Time"":10.724,""Actual Total Time"":28.421,""Actual Rows"":1,""Actual Loops"":1,""Filter"":""((order_id)::text = '00225d9434f9720e7869a6971fa67640'::text)"",""Rows Removed by Filter"":33332,""Global Secondary Index"":""Active (B+ Tree Filter)"",""Reader"":""Single File"",""Row groups"":""2"",""Shared Hit Blocks"":0,""Shared Read Blocks"":0,""Shared Dirtied Blocks"":0,""Shared Written Blocks"":0,""Local Hit Blocks"":0,""Local Read Blocks"":0,""Local Dirtied Blocks"":0,""Local Written Blocks"":0,""Temp Read Blocks"":0,""Temp Written Blocks"":0,""I/O Read Time"":0.0,""I/O Write Time"":0.0,""Temp I/O Read Time"":0.0,""Temp I/O Write Time"":0.0},""Planning"":{""Shared Hit Blocks"":2,""Shared Read Blocks"":0,""Shared Dirtied Blocks"":0,""Shared Written Blocks"":0,""Local Hit Blocks"":0,""Local Read Blocks"":0,""Local Dirtied Blocks"":0,""Local Written Blocks"":0,""Temp Read Blocks"":0,""Temp Written Blocks"":0,""I/O Read Time"":0.0,""I/O Write Time"":0.0,""Temp I/O Read Time"":0.0,""Temp I/O Write Time"":0.0},""Planning Time"":2.185,""Triggers"":[],""Execution Time"":28.808}"
q1_order_id,transactions,order_id,high,gsi_on,warm,3,30.905,4.136,35.944,1,1,33332,Foreign Scan,True,Single File,1,0,0,00225d9434f9720e7869a6971fa67640,"{""Plan"":{""Node Type"":""Foreign Scan"",""Operation"":""Select"",""Parallel Aware"":false,""Async Capable"":false,""Relation Name"":""transactions"",""Alias"":""transactions"",""Startup Cost"":8.0,""Total Cost"":22.14,""Plan Rows"":1,""Plan Width"":153,""Actual Startup Time"":11.163,""Actual Total Time"":30.506,""Actual Rows"":1,""Actual Loops"":1,""Filter"":""((order_id)::text = '00225d9434f9720e7869a6971fa67640'::text)"",""Rows Removed by Filter"":33332,""Global Secondary Index"":""Active (B+ Tree Filter)"",""Reader"":""Single File"",""Row groups"":""2"",""Shared Hit Blocks"":0,""Shared Read Blocks"":0,""Shared Dirtied Blocks"":0,""Shared Written Blocks"":0,""Local Hit Blocks"":0,""Local Read Blocks"":0,""Local Dirtied Blocks"":0,""Local Written Blocks"":0,""Temp Read Blocks"":0,""Temp Written Blocks"":0,""I/O Read Time"":0.0,""I/O Write Time"":0.0,""Temp I/O Read Time"":0.0,""Temp I/O Write Time"":0.0},""Planning"":{""Shared Hit Blocks"":2,""Shared Read Blocks"":0,""Shared Dirtied Blocks"":0,""Shared Written Blocks"":0,""Local Hit Blocks"":0,""Local Read Blocks"":0,""Local Dirtied Blocks"":0,""Local Written Blocks"":0,""Temp Read Blocks"":0,""Temp Written Blocks"":0,""I/O Read Time"":0.0,""I/O Write Time"":0.0,""Temp I/O Read Time"":0.0,""Temp I/O Write Time"":0.0},""Planning Time"":4.136,""Triggers"":[],""Execution Time"":30.905}"
q1_order_id,transactions,order_id,high,gsi_on,warm,4,28.708,2.209,31.541,1,1,33332,Foreign Scan,True,Single File,1,0,0,00225d9434f9720e7869a6971fa67640,"{""Plan"":{""Node Type"":""Foreign Scan"",""Operation"":""Select"",""Parallel Aware"":false,""Async Capable"":false,""Relation Name"":""transactions"",""Alias"":""transactions"",""Startup Cost"":8.0,""Total Cost"":22.14,""Plan Rows"":1,""Plan Width"":153,""Actual Startup Time"":10.875,""Actual Total Time"":28.33,""Actual Rows"":1,""Actual Loops"":1,""Filter"":""((order_id)::text = '00225d9434f9720e7869a6971fa67640'::text)"",""Rows Removed by Filter"":33332,""Global Secondary Index"":""Active (B+ Tree Filter)"",""Reader"":""Single File"",""Row groups"":""2"",""Shared Hit Blocks"":0,""Shared Read Blocks"":0,""Shared Dirtied Blocks"":0,""Shared Written Blocks"":0,""Local Hit Blocks"":0,""Local Read Blocks"":0,""Local Dirtied Blocks"":0,""Local Written Blocks"":0,""Temp Read Blocks"":0,""Temp Written Blocks"":0,""I/O Read Time"":0.0,""I/O Write Time"":0.0,""Temp I/O Read Time"":0.0,""Temp I/O Write Time"":0.0},""Planning"":{""Shared Hit Blocks"":2,""Shared Read Blocks"":0,""Shared Dirtied Blocks"":0,""Shared Written Blocks"":0,""Local Hit Blocks"":0,""Local Read Blocks"":0,""Local Dirtied Blocks"":0,""Local Written Blocks"":0,""Temp Read Blocks"":0,""Temp Written Blocks"":0,""I/O Read Time"":0.0,""I/O Write Time"":0.0,""Temp I/O Read Time"":0.0,""Temp I/O Write Time"":0.0},""Planning Time"":2.209,""Triggers"":[],""Execution Time"":28.708}"
q1_order_id,transactions,order_id,high,gsi_on,warm,5,28.078,2.293,30.86,1,1,33332,Foreign Scan,True,Single File,1,0,0,00225d9434f9720e7869a6971fa67640,"{""Plan"":{""Node Type"":""Foreign Scan"",""Operation"":""Select"",""Parallel Aware"":false,""Async Capable"":false,""Relation Name"":""transactions"",""Alias"":""transactions"",""Startup Cost"":8.0,""Total Cost"":22.14,""Plan Rows"":1,""Plan Width"":153,""Actual Startup Time"":11.73,""Actual Total Time"":27.779,""Actual Rows"":1,""Actual Loops"":1,""Filter"":""((order_id)::text = '00225d9434f9720e7869a6971fa67640'::text)"",""Rows Removed by Filter"":33332,""Global Secondary Index"":""Active (B+ Tree Filter)"",""Reader"":""Single File"",""Row groups"":""2"",""Shared Hit Blocks"":0,""Shared Read Blocks"":0,""Shared Dirtied Blocks"":0,""Shared Written Blocks"":0,""Local Hit Blocks"":0,""Local Read Blocks"":0,""Local Dirtied Blocks"":0,""Local Written Blocks"":0,""Temp Read Blocks"":0,""Temp Written Blocks"":0,""I/O Read Time"":0.0,""I/O Write Time"":0.0,""Temp I/O Read Time"":0.0,""Temp I/O Write Time"":0.0},""Planning"":{""Shared Hit Blocks"":2,""Shared Read Blocks"":0,""Shared Dirtied Blocks"":0,""Shared Written Blocks"":0,""Local Hit Blocks"":0,""Local Read Blocks"":0,""Local Dirtied Blocks"":0,""Local Written Blocks"":0,""Temp Read Blocks"":0,""Temp Written Blocks"":0,""I/O Read Time"":0.0,""I/O Write Time"":0.0,""Temp I/O Read Time"":0.0,""Temp I/O Write Time"":0.0},""Planning Time"":2.293,""Triggers"":[],""Execution Time"":28.078}"
q2_customer_id,transactions,customer_id,high,gsi_on,cold,1,783.246,15.669,799.835,29,11,949972,Foreign Scan,True,Multifile,23,4,0,b946cabd05a71cfc0d2f7e795bd88d94,"{""Plan"":{""Node Type"":""Foreign Scan"",""Operation"":""Select"",""Parallel Aware"":false,""Async Capable"":false,""Relation Name"":""transactions"",""Alias"":""transactions"",""Startup Cost"":8.0,""Total Cost"":8.11,""Plan Rows"":11,""Plan Width"":153,""Actual Startup Time"":32.584,""Actual Total Time"":781.371,""Actual Rows"":29,""Actual Loops"":1,""Filter"":""((customer_id)::text = 'b946cabd05a71cfc0d2f7e795bd88d94'::text)"",""Rows Removed by Filter"":949972,""Global Secondary Index"":""Active (B+ Tree Filter)"",""Reader"":""Multifile"",""Row groups"":""\n        transactions_chunk_0000.parquet: 1, 2\n        transactions_chunk_0002.parquet: 2\n        transactions_chunk_0003.parquet: 1, 2\n        transactions_chunk_0006.parquet: 1\n        transactions_chunk_0008.parquet: 1\n        transactions_chunk_0009.parquet: 1\n        transactions_chunk_0010.parquet: 2\n        transactions_chunk_0012.parquet: 2\n        transactions_chunk_0013.parquet: 1\n        transactions_chunk_0014.parquet: 2\n        transactions_chunk_0015.parquet: 1, 2\n        transactions_chunk_0016.parquet: 1\n        transactions_chunk_0018.parquet: 1, 2\n        transactions_chunk_0019.parquet: 1, 2\n        transactions_chunk_0021.parquet: 2\n        transactions_chunk_0022.parquet: 2\n        transactions_chunk_0023.parquet: 1, 2"",""Shared Hit Blocks"":4,""Shared Read Blocks"":0,""Shared Dirtied Blocks"":0,""Shared Written Blocks"":0,""Local Hit Blocks"":0,""Local Read Blocks"":0,""Local Dirtied Blocks"":0,""Local Written Blocks"":0,""Temp Read Blocks"":0,""Temp Written Blocks"":0,""I/O Read Time"":0.0,""I/O Write Time"":0.0,""Temp I/O Read Time"":0.0,""Temp I/O Write Time"":0.0},""Planning"":{""Shared Hit Blocks"":285,""Shared Read Blocks"":0,""Shared Dirtied Blocks"":0,""Shared Written Blocks"":0,""Local Hit Blocks"":0,""Local Read Blocks"":0,""Local Dirtied Blocks"":0,""Local Written Blocks"":0,""Temp Read Blocks"":0,""Temp Written Blocks"":0,""I/O Read Time"":0.0,""I/O Write Time"":0.0,""Temp I/O Read Time"":0.0,""Temp I/O Write Time"":0.0},""Planning Time"":15.669,""Triggers"":[],""Execution Time"":783.246}"
q2_customer_id,transactions,customer_id,high,gsi_on,cold,2,768.403,16.229,785.49,29,11,949972,Foreign Scan,True,Multifile,23,4,0,b946cabd05a71cfc0d2f7e795bd88d94,"{""Plan"":{""Node Type"":""Foreign Scan"",""Operation"":""Select"",""Parallel Aware"":false,""Async Capable"":false,""Relation Name"":""transactions"",""Alias"":""transactions"",""Startup Cost"":8.0,""Total Cost"":8.11,""Plan Rows"":11,""Plan Width"":153,""Actual Startup Time"":31.528,""Actual Total Time"":766.765,""Actual Rows"":29,""Actual Loops"":1,""Filter"":""((customer_id)::text = 'b946cabd05a71cfc0d2f7e795bd88d94'::text)"",""Rows Removed by Filter"":949972,""Global Secondary Index"":""Active (B+ Tree Filter)"",""Reader"":""Multifile"",""Row groups"":""\n        transactions_chunk_0000.parquet: 1, 2\n        transactions_chunk_0002.parquet: 2\n        transactions_chunk_0003.parquet: 1, 2\n        transactions_chunk_0006.parquet: 1\n        transactions_chunk_0008.parquet: 1\n        transactions_chunk_0009.parquet: 1\n        transactions_chunk_0010.parquet: 2\n        transactions_chunk_0012.parquet: 2\n        transactions_chunk_0013.parquet: 1\n        transactions_chunk_0014.parquet: 2\n        transactions_chunk_0015.parquet: 1, 2\n        transactions_chunk_0016.parquet: 1\n        transactions_chunk_0018.parquet: 1, 2\n        transactions_chunk_0019.parquet: 1, 2\n        transactions_chunk_0021.parquet: 2\n        transactions_chunk_0022.parquet: 2\n        transactions_chunk_0023.parquet: 1, 2"",""Shared Hit Blocks"":4,""Shared Read Blocks"":0,""Shared Dirtied Blocks"":0,""Shared Written Blocks"":0,""Local Hit Blocks"":0,""Local Read Blocks"":0,""Local Dirtied Blocks"":0,""Local Written Blocks"":0,""Temp Read Blocks"":0,""Temp Written Blocks"":0,""I/O Read Time"":0.0,""I/O Write Time"":0.0,""Temp I/O Read Time"":0.0,""Temp I/O Write Time"":0.0},""Planning"":{""Shared Hit Blocks"":285,""Shared Read Blocks"":0,""Shared Dirtied Blocks"":0,""Shared Written Blocks"":0,""Local Hit Blocks"":0,""Local Read Blocks"":0,""Local Dirtied Blocks"":0,""Local Written Blocks"":0,""Temp Read Blocks"":0,""Temp Written Blocks"":0,""I/O Read Time"":0.0,""I/O Write Time"":0.0,""Temp I/O Read Time"":0.0,""Temp I/O Write Time"":0.0},""Planning Time"":16.229,""Triggers"":[],""Execution Time"":768.403}"
q2_customer_id,transactions,customer_id,high,gsi_on,cold,3,794.974,19.544,815.507,29,11,949972,Foreign Scan,True,Multifile,23,4,0,b946cabd05a71cfc0d2f7e795bd88d94,"{""Plan"":{""Node Type"":""Foreign Scan"",""Operation"":""Select"",""Parallel Aware"":false,""Async Capable"":false,""Relation Name"":""transactions"",""Alias"":""transactions"",""Startup Cost"":8.0,""Total Cost"":8.11,""Plan Rows"":11,""Plan Width"":153,""Actual Startup Time"":33.499,""Actual Total Time"":792.952,""Actual Rows"":29,""Actual Loops"":1,""Filter"":""((customer_id)::text = 'b946cabd05a71cfc0d2f7e795bd88d94'::text)"",""Rows Removed by Filter"":949972,""Global Secondary Index"":""Active (B+ Tree Filter)"",""Reader"":""Multifile"",""Row groups"":""\n        transactions_chunk_0000.parquet: 1, 2\n        transactions_chunk_0002.parquet: 2\n        transactions_chunk_0003.parquet: 1, 2\n        transactions_chunk_0006.parquet: 1\n        transactions_chunk_0008.parquet: 1\n        transactions_chunk_0009.parquet: 1\n        transactions_chunk_0010.parquet: 2\n        transactions_chunk_0012.parquet: 2\n        transactions_chunk_0013.parquet: 1\n        transactions_chunk_0014.parquet: 2\n        transactions_chunk_0015.parquet: 1, 2\n        transactions_chunk_0016.parquet: 1\n        transactions_chunk_0018.parquet: 1, 2\n        transactions_chunk_0019.parquet: 1, 2\n        transactions_chunk_0021.parquet: 2\n        transactions_chunk_0022.parquet: 2\n        transactions_chunk_0023.parquet: 1, 2"",""Shared Hit Blocks"":4,""Shared Read Blocks"":0,""Shared Dirtied Blocks"":0,""Shared Written Blocks"":0,""Local Hit Blocks"":0,""Local Read Blocks"":0,""Local Dirtied Blocks"":0,""Local Written Blocks"":0,""Temp Read Blocks"":0,""Temp Written Blocks"":0,""I/O Read Time"":0.0,""I/O Write Time"":0.0,""Temp I/O Read Time"":0.0,""Temp I/O Write Time"":0.0},""Planning"":{""Shared Hit Blocks"":285,""Shared Read Blocks"":0,""Shared Dirtied Blocks"":0,""Shared Written Blocks"":0,""Local Hit Blocks"":0,""Local Read Blocks"":0,""Local Dirtied Blocks"":0,""Local Written Blocks"":0,""Temp Read Blocks"":0,""Temp Written Blocks"":0,""I/O Read Time"":0.0,""I/O Write Time"":0.0,""Temp I/O Read Time"":0.0,""Temp I/O Write Time"":0.0},""Planning Time"":19.544,""Triggers"":[],""Execution Time"":794.974}"
q2_customer_id,transactions,customer_id,high,gsi_on,cold,4,800.452,16.994,818.367,29,11,949972,Foreign Scan,True,Multifile,23,4,0,b946cabd05a71cfc0d2f7e795bd88d94,"{""Plan"":{""Node Type"":""Foreign Scan"",""Operation"":""Select"",""Parallel Aware"":false,""Async Capable"":false,""Relation Name"":""transactions"",""Alias"":""transactions"",""Startup Cost"":8.0,""Total Cost"":8.11,""Plan Rows"":11,""Plan Width"":153,""Actual Startup Time"":31.783,""Actual Total Time"":798.842,""Actual Rows"":29,""Actual Loops"":1,""Filter"":""((customer_id)::text = 'b946cabd05a71cfc0d2f7e795bd88d94'::text)"",""Rows Removed by Filter"":949972,""Global Secondary Index"":""Active (B+ Tree Filter)"",""Reader"":""Multifile"",""Row groups"":""\n        transactions_chunk_0000.parquet: 1, 2\n        transactions_chunk_0002.parquet: 2\n        transactions_chunk_0003.parquet: 1, 2\n        transactions_chunk_0006.parquet: 1\n        transactions_chunk_0008.parquet: 1\n        transactions_chunk_0009.parquet: 1\n        transactions_chunk_0010.parquet: 2\n        transactions_chunk_0012.parquet: 2\n        transactions_chunk_0013.parquet: 1\n        transactions_chunk_0014.parquet: 2\n        transactions_chunk_0015.parquet: 1, 2\n        transactions_chunk_0016.parquet: 1\n        transactions_chunk_0018.parquet: 1, 2\n        transactions_chunk_0019.parquet: 1, 2\n        transactions_chunk_0021.parquet: 2\n        transactions_chunk_0022.parquet: 2\n        transactions_chunk_0023.parquet: 1, 2"",""Shared Hit Blocks"":4,""Shared Read Blocks"":0,""Shared Dirtied Blocks"":0,""Shared Written Blocks"":0,""Local Hit Blocks"":0,""Local Read Blocks"":0,""Local Dirtied Blocks"":0,""Local Written Blocks"":0,""Temp Read Blocks"":0,""Temp Written Blocks"":0,""I/O Read Time"":0.0,""I/O Write Time"":0.0,""Temp I/O Read Time"":0.0,""Temp I/O Write Time"":0.0},""Planning"":{""Shared Hit Blocks"":285,""Shared Read Blocks"":0,""Shared Dirtied Blocks"":0,""Shared Written Blocks"":0,""Local Hit Blocks"":0,""Local Read Blocks"":0,""Local Dirtied Blocks"":0,""Local Written Blocks"":0,""Temp Read Blocks"":0,""Temp Written Blocks"":0,""I/O Read Time"":0.0,""I/O Write Time"":0.0,""Temp I/O Read Time"":0.0,""Temp I/O Write Time"":0.0},""Planning Time"":16.994,""Triggers"":[],""Execution Time"":800.452}"
q2_customer_id,transactions,customer_id,high,gsi_on,cold,5,782.539,17.029,800.525,29,11,949972,Foreign Scan,True,Multifile,23,4,0,b946cabd05a71cfc0d2f7e795bd88d94,"{""Plan"":{""Node Type"":""Foreign Scan"",""Operation"":""Select"",""Parallel Aware"":false,""Async Capable"":false,""Relation Name"":""transactions"",""Alias"":""transactions"",""Startup Cost"":8.0,""Total Cost"":8.11,""Plan Rows"":11,""Plan Width"":153,""Actual Startup Time"":33.156,""Actual Total Time"":780.95,""Actual Rows"":29,""Actual Loops"":1,""Filter"":""((customer_id)::text = 'b946cabd05a71cfc0d2f7e795bd88d94'::text)"",""Rows Removed by Filter"":949972,""Global Secondary Index"":""Active (B+ Tree Filter)"",""Reader"":""Multifile"",""Row groups"":""\n        transactions_chunk_0000.parquet: 1, 2\n        transactions_chunk_0002.parquet: 2\n        transactions_chunk_0003.parquet: 1, 2\n        transactions_chunk_0006.parquet: 1\n        transactions_chunk_0008.parquet: 1\n        transactions_chunk_0009.parquet: 1\n        transactions_chunk_0010.parquet: 2\n        transactions_chunk_0012.parquet: 2\n        transactions_chunk_0013.parquet: 1\n        transactions_chunk_0014.parquet: 2\n        transactions_chunk_0015.parquet: 1, 2\n        transactions_chunk_0016.parquet: 1\n        transactions_chunk_0018.parquet: 1, 2\n        transactions_chunk_0019.parquet: 1, 2\n        transactions_chunk_0021.parquet: 2\n        transactions_chunk_0022.parquet: 2\n        transactions_chunk_0023.parquet: 1, 2"",""Shared Hit Blocks"":4,""Shared Read Blocks"":0,""Shared Dirtied Blocks"":0,""Shared Written Blocks"":0,""Local Hit Blocks"":0,""Local Read Blocks"":0,""Local Dirtied Blocks"":0,""Local Written Blocks"":0,""Temp Read Blocks"":0,""Temp Written Blocks"":0,""I/O Read Time"":0.0,""I/O Write Time"":0.0,""Temp I/O Read Time"":0.0,""Temp I/O Write Time"":0.0},""Planning"":{""Shared Hit Blocks"":285,""Shared Read Blocks"":0,""Shared Dirtied Blocks"":0,""Shared Written Blocks"":0,""Local Hit Blocks"":0,""Local Read Blocks"":0,""Local Dirtied Blocks"":0,""Local Written Blocks"":0,""Temp Read Blocks"":0,""Temp Written Blocks"":0,""I/O Read Time"":0.0,""I/O Write Time"":0.0,""Temp I/O Read Time"":0.0,""Temp I/O Write Time"":0.0},""Planning Time"":17.029,""Triggers"":[],""Execution Time"":782.539}"
q2_customer_id,transactions,customer_id,high,gsi_on,warm,1,767.937,2.793,771.364,29,11,949972,Foreign Scan,True,Multifile,23,0,0,b946cabd05a71cfc0d2f7e795bd88d94,"{""Plan"":{""Node Type"":""Foreign Scan"",""Operation"":""Select"",""Parallel Aware"":false,""Async Capable"":false,""Relation Name"":""transactions"",""Alias"":""transactions"",""Startup Cost"":8.0,""Total Cost"":8.11,""Plan Rows"":11,""Plan Width"":153,""Actual Startup Time"":22.962,""Actual Total Time"":766.983,""Actual Rows"":29,""Actual Loops"":1,""Filter"":""((customer_id)::text = 'b946cabd05a71cfc0d2f7e795bd88d94'::text)"",""Rows Removed by Filter"":949972,""Global Secondary Index"":""Active (B+ Tree Filter)"",""Reader"":""Multifile"",""Row groups"":""\n        transactions_chunk_0000.parquet: 1, 2\n        transactions_chunk_0002.parquet: 2\n        transactions_chunk_0003.parquet: 1, 2\n        transactions_chunk_0006.parquet: 1\n        transactions_chunk_0008.parquet: 1\n        transactions_chunk_0009.parquet: 1\n        transactions_chunk_0010.parquet: 2\n        transactions_chunk_0012.parquet: 2\n        transactions_chunk_0013.parquet: 1\n        transactions_chunk_0014.parquet: 2\n        transactions_chunk_0015.parquet: 1, 2\n        transactions_chunk_0016.parquet: 1\n        transactions_chunk_0018.parquet: 1, 2\n        transactions_chunk_0019.parquet: 1, 2\n        transactions_chunk_0021.parquet: 2\n        transactions_chunk_0022.parquet: 2\n        transactions_chunk_0023.parquet: 1, 2"",""Shared Hit Blocks"":0,""Shared Read Blocks"":0,""Shared Dirtied Blocks"":0,""Shared Written Blocks"":0,""Local Hit Blocks"":0,""Local Read Blocks"":0,""Local Dirtied Blocks"":0,""Local Written Blocks"":0,""Temp Read Blocks"":0,""Temp Written Blocks"":0,""I/O Read Time"":0.0,""I/O Write Time"":0.0,""Temp I/O Read Time"":0.0,""Temp I/O Write Time"":0.0},""Planning"":{""Shared Hit Blocks"":2,""Shared Read Blocks"":0,""Shared Dirtied Blocks"":0,""Shared Written Blocks"":0,""Local Hit Blocks"":0,""Local Read Blocks"":0,""Local Dirtied Blocks"":0,""Local Written Blocks"":0,""Temp Read Blocks"":0,""Temp Written Blocks"":0,""I/O Read Time"":0.0,""I/O Write Time"":0.0,""Temp I/O Read Time"":0.0,""Temp I/O Write Time"":0.0},""Planning Time"":2.793,""Triggers"":[],""Execution Time"":767.937}"
q2_customer_id,transactions,customer_id,high,gsi_on,warm,2,761.921,2.386,765.09,29,11,949972,Foreign Scan,True,Multifile,23,0,0,b946cabd05a71cfc0d2f7e795bd88d94,"{""Plan"":{""Node Type"":""Foreign Scan"",""Operation"":""Select"",""Parallel Aware"":false,""Async Capable"":false,""Relation Name"":""transactions"",""Alias"":""transactions"",""Startup Cost"":8.0,""Total Cost"":8.11,""Plan Rows"":11,""Plan Width"":153,""Actual Startup Time"":24.726,""Actual Total Time"":760.954,""Actual Rows"":29,""Actual Loops"":1,""Filter"":""((customer_id)::text = 'b946cabd05a71cfc0d2f7e795bd88d94'::text)"",""Rows Removed by Filter"":949972,""Global Secondary Index"":""Active (B+ Tree Filter)"",""Reader"":""Multifile"",""Row groups"":""\n        transactions_chunk_0000.parquet: 1, 2\n        transactions_chunk_0002.parquet: 2\n        transactions_chunk_0003.parquet: 1, 2\n        transactions_chunk_0006.parquet: 1\n        transactions_chunk_0008.parquet: 1\n        transactions_chunk_0009.parquet: 1\n        transactions_chunk_0010.parquet: 2\n        transactions_chunk_0012.parquet: 2\n        transactions_chunk_0013.parquet: 1\n        transactions_chunk_0014.parquet: 2\n        transactions_chunk_0015.parquet: 1, 2\n        transactions_chunk_0016.parquet: 1\n        transactions_chunk_0018.parquet: 1, 2\n        transactions_chunk_0019.parquet: 1, 2\n        transactions_chunk_0021.parquet: 2\n        transactions_chunk_0022.parquet: 2\n        transactions_chunk_0023.parquet: 1, 2"",""Shared Hit Blocks"":0,""Shared Read Blocks"":0,""Shared Dirtied Blocks"":0,""Shared Written Blocks"":0,""Local Hit Blocks"":0,""Local Read Blocks"":0,""Local Dirtied Blocks"":0,""Local Written Blocks"":0,""Temp Read Blocks"":0,""Temp Written Blocks"":0,""I/O Read Time"":0.0,""I/O Write Time"":0.0,""Temp I/O Read Time"":0.0,""Temp I/O Write Time"":0.0},""Planning"":{""Shared Hit Blocks"":2,""Shared Read Blocks"":0,""Shared Dirtied Blocks"":0,""Shared Written Blocks"":0,""Local Hit Blocks"":0,""Local Read Blocks"":0,""Local Dirtied Blocks"":0,""Local Written Blocks"":0,""Temp Read Blocks"":0,""Temp Written Blocks"":0,""I/O Read Time"":0.0,""I/O Write Time"":0.0,""Temp I/O Read Time"":0.0,""Temp I/O Write Time"":0.0},""Planning Time"":2.386,""Triggers"":[],""Execution Time"":761.921}"
q2_customer_id,transactions,customer_id,high,gsi_on,warm,3,750.458,1.898,753.01,29,11,949972,Foreign Scan,True,Multifile,23,0,0,b946cabd05a71cfc0d2f7e795bd88d94,"{""Plan"":{""Node Type"":""Foreign Scan"",""Operation"":""Select"",""Parallel Aware"":false,""Async Capable"":false,""Relation Name"":""transactions"",""Alias"":""transactions"",""Startup Cost"":8.0,""Total Cost"":8.11,""Plan Rows"":11,""Plan Width"":153,""Actual Startup Time"":21.931,""Actual Total Time"":749.53,""Actual Rows"":29,""Actual Loops"":1,""Filter"":""((customer_id)::text = 'b946cabd05a71cfc0d2f7e795bd88d94'::text)"",""Rows Removed by Filter"":949972,""Global Secondary Index"":""Active (B+ Tree Filter)"",""Reader"":""Multifile"",""Row groups"":""\n        transactions_chunk_0000.parquet: 1, 2\n        transactions_chunk_0002.parquet: 2\n        transactions_chunk_0003.parquet: 1, 2\n        transactions_chunk_0006.parquet: 1\n        transactions_chunk_0008.parquet: 1\n        transactions_chunk_0009.parquet: 1\n        transactions_chunk_0010.parquet: 2\n        transactions_chunk_0012.parquet: 2\n        transactions_chunk_0013.parquet: 1\n        transactions_chunk_0014.parquet: 2\n        transactions_chunk_0015.parquet: 1, 2\n        transactions_chunk_0016.parquet: 1\n        transactions_chunk_0018.parquet: 1, 2\n        transactions_chunk_0019.parquet: 1, 2\n        transactions_chunk_0021.parquet: 2\n        transactions_chunk_0022.parquet: 2\n        transactions_chunk_0023.parquet: 1, 2"",""Shared Hit Blocks"":0,""Shared Read Blocks"":0,""Shared Dirtied Blocks"":0,""Shared Written Blocks"":0,""Local Hit Blocks"":0,""Local Read Blocks"":0,""Local Dirtied Blocks"":0,""Local Written Blocks"":0,""Temp Read Blocks"":0,""Temp Written Blocks"":0,""I/O Read Time"":0.0,""I/O Write Time"":0.0,""Temp I/O Read Time"":0.0,""Temp I/O Write Time"":0.0},""Planning"":{""Shared Hit Blocks"":2,""Shared Read Blocks"":0,""Shared Dirtied Blocks"":0,""Shared Written Blocks"":0,""Local Hit Blocks"":0,""Local Read Blocks"":0,""Local Dirtied Blocks"":0,""Local Written Blocks"":0,""Temp Read Blocks"":0,""Temp Written Blocks"":0,""I/O Read Time"":0.0,""I/O Write Time"":0.0,""Temp I/O Read Time"":0.0,""Temp I/O Write Time"":0.0},""Planning Time"":1.898,""Triggers"":[],""Execution Time"":750.458}"
q2_customer_id,transactions,customer_id,high,gsi_on,warm,4,741.66,1.898,744.205,29,11,949972,Foreign Scan,True,Multifile,23,0,0,b946cabd05a71cfc0d2f7e795bd88d94,"{""Plan"":{""Node Type"":""Foreign Scan"",""Operation"":""Select"",""Parallel Aware"":false,""Async Capable"":false,""Relation Name"":""transactions"",""Alias"":""transactions"",""Startup Cost"":8.0,""Total Cost"":8.11,""Plan Rows"":11,""Plan Width"":153,""Actual Startup Time"":22.807,""Actual Total Time"":740.774,""Actual Rows"":29,""Actual Loops"":1,""Filter"":""((customer_id)::text = 'b946cabd05a71cfc0d2f7e795bd88d94'::text)"",""Rows Removed by Filter"":949972,""Global Secondary Index"":""Active (B+ Tree Filter)"",""Reader"":""Multifile"",""Row groups"":""\n        transactions_chunk_0000.parquet: 1, 2\n        transactions_chunk_0002.parquet: 2\n        transactions_chunk_0003.parquet: 1, 2\n        transactions_chunk_0006.parquet: 1\n        transactions_chunk_0008.parquet: 1\n        transactions_chunk_0009.parquet: 1\n        transactions_chunk_0010.parquet: 2\n        transactions_chunk_0012.parquet: 2\n        transactions_chunk_0013.parquet: 1\n        transactions_chunk_0014.parquet: 2\n        transactions_chunk_0015.parquet: 1, 2\n        transactions_chunk_0016.parquet: 1\n        transactions_chunk_0018.parquet: 1, 2\n        transactions_chunk_0019.parquet: 1, 2\n        transactions_chunk_0021.parquet: 2\n        transactions_chunk_0022.parquet: 2\n        transactions_chunk_0023.parquet: 1, 2"",""Shared Hit Blocks"":0,""Shared Read Blocks"":0,""Shared Dirtied Blocks"":0,""Shared Written Blocks"":0,""Local Hit Blocks"":0,""Local Read Blocks"":0,""Local Dirtied Blocks"":0,""Local Written Blocks"":0,""Temp Read Blocks"":0,""Temp Written Blocks"":0,""I/O Read Time"":0.0,""I/O Write Time"":0.0,""Temp I/O Read Time"":0.0,""Temp I/O Write Time"":0.0},""Planning"":{""Shared Hit Blocks"":2,""Shared Read Blocks"":0,""Shared Dirtied Blocks"":0,""Shared Written Blocks"":0,""Local Hit Blocks"":0,""Local Read Blocks"":0,""Local Dirtied Blocks"":0,""Local Written Blocks"":0,""Temp Read Blocks"":0,""Temp Written Blocks"":0,""I/O Read Time"":0.0,""I/O Write Time"":0.0,""Temp I/O Read Time"":0.0,""Temp I/O Write Time"":0.0},""Planning Time"":1.898,""Triggers"":[],""Execution Time"":741.66}"
q2_customer_id,transactions,customer_id,high,gsi_on,warm,5,759.138,1.879,761.613,29,11,949972,Foreign Scan,True,Multifile,23,0,0,b946cabd05a71cfc0d2f7e795bd88d94,"{""Plan"":{""Node Type"":""Foreign Scan"",""Operation"":""Select"",""Parallel Aware"":false,""Async Capable"":false,""Relation Name"":""transactions"",""Alias"":""transactions"",""Startup Cost"":8.0,""Total Cost"":8.11,""Plan Rows"":11,""Plan Width"":153,""Actual Startup Time"":22.327,""Actual Total Time"":758.038,""Actual Rows"":29,""Actual Loops"":1,""Filter"":""((customer_id)::text = 'b946cabd05a71cfc0d2f7e795bd88d94'::text)"",""Rows Removed by Filter"":949972,""Global Secondary Index"":""Active (B+ Tree Filter)"",""Reader"":""Multifile"",""Row groups"":""\n        transactions_chunk_0000.parquet: 1, 2\n        transactions_chunk_0002.parquet: 2\n        transactions_chunk_0003.parquet: 1, 2\n        transactions_chunk_0006.parquet: 1\n        transactions_chunk_0008.parquet: 1\n        transactions_chunk_0009.parquet: 1\n        transactions_chunk_0010.parquet: 2\n        transactions_chunk_0012.parquet: 2\n        transactions_chunk_0013.parquet: 1\n        transactions_chunk_0014.parquet: 2\n        transactions_chunk_0015.parquet: 1, 2\n        transactions_chunk_0016.parquet: 1\n        transactions_chunk_0018.parquet: 1, 2\n        transactions_chunk_0019.parquet: 1, 2\n        transactions_chunk_0021.parquet: 2\n        transactions_chunk_0022.parquet: 2\n        transactions_chunk_0023.parquet: 1, 2"",""Shared Hit Blocks"":0,""Shared Read Blocks"":0,""Shared Dirtied Blocks"":0,""Shared Written Blocks"":0,""Local Hit Blocks"":0,""Local Read Blocks"":0,""Local Dirtied Blocks"":0,""Local Written Blocks"":0,""Temp Read Blocks"":0,""Temp Written Blocks"":0,""I/O Read Time"":0.0,""I/O Write Time"":0.0,""Temp I/O Read Time"":0.0,""Temp I/O Write Time"":0.0},""Planning"":{""Shared Hit Blocks"":2,""Shared Read Blocks"":0,""Shared Dirtied Blocks"":0,""Shared Written Blocks"":0,""Local Hit Blocks"":0,""Local Read Blocks"":0,""Local Dirtied Blocks"":0,""Local Written Blocks"":0,""Temp Read Blocks"":0,""Temp Written Blocks"":0,""I/O Read Time"":0.0,""I/O Write Time"":0.0,""Temp I/O Read Time"":0.0,""Temp I/O Write Time"":0.0},""Planning Time"":1.879,""Triggers"":[],""Execution Time"":759.138}"
q3_product_id,transactions,product_id,high,gsi_on,cold,1,1311.471,17.129,1329.652,66,41,1599935,Foreign Scan,True,Multifile,38,4,0,850117185274e0ffa3edd55dfac7335f,"{""Plan"":{""Node Type"":""Foreign Scan"",""Operation"":""Select"",""Parallel Aware"":false,""Async Capable"":false,""Relation Name"":""transactions"",""Alias"":""transactions"",""Startup Cost"":8.0,""Total Cost"":8.41,""Plan Rows"":41,""Plan Width"":153,""Actual Startup Time"":31.035,""Actual Total Time"":1309.555,""Actual Rows"":66,""Actual Loops"":1,""Filter"":""((product_id)::text = '850117185274e0ffa3edd55dfac7335f'::text)"",""Rows Removed by Filter"":1599935,""Global Secondary Index"":""Active (B+ Tree Filter)"",""Reader"":""Multifile"",""Row groups"":""\n        transactions_chunk_0000.parquet: 1, 2\n        transactions_chunk_0002.parquet: 1, 2\n        transactions_chunk_0003.parquet: 1\n        transactions_chunk_0004.parquet: 1, 2\n        transactions_chunk_0005.parquet: 1, 2\n        transactions_chunk_0006.parquet: 1\n        transactions_chunk_0007.parquet: 1, 2\n        transactions_chunk_0008.parquet: 2\n        transactions_chunk_0009.parquet: 1, 2\n        transactions_chunk_0010.parquet: 1, 2\n        transactions_chunk_0011.parquet: 1, 2\n        transactions_chunk_0012.parquet: 1, 2\n        transactions_chunk_0013.parquet: 1\n        transactions_chunk_0014.parquet: 1, 2\n        transactions_chunk_0016.parquet: 1, 2\n        transactions_chunk_0017.parquet: 1, 2\n        transactions_chunk_0018.parquet: 1\n        transactions_chunk_0019.parquet: 1, 2\n        transactions_chunk_0020.parquet: 2\n        transactions_chunk_0021.parquet: 1, 2\n        transactions_chunk_0022.parquet: 1, 2\n        transactions_chunk_0023.parquet: 1, 2"",""Shared Hit Blocks"":4,""Shared Read Blocks"":0,""Shared Dirtied Blocks"":0,""Shared Written Blocks"":0,""Local Hit Blocks"":0,""Local Read Blocks"":0,""Local Dirtied Blocks"":0,""Local Written Blocks"":0,""Temp Read Blocks"":0,""Temp Written Blocks"":0,""I/O Read Time"":0.0,""I/O Write Time"":0.0,""Temp I/O Read Time"":0.0,""Temp I/O Write Time"":0.0},""Planning"":{""Shared Hit Blocks"":285,""Shared Read Blocks"":0,""Shared Dirtied Blocks"":0,""Shared Written Blocks"":0,""Local Hit Blocks"":0,""Local Read Blocks"":0,""Local Dirtied Blocks"":0,""Local Written Blocks"":0,""Temp Read Blocks"":0,""Temp Written Blocks"":0,""I/O Read Time"":0.0,""I/O Write Time"":0.0,""Temp I/O Read Time"":0.0,""Temp I/O Write Time"":0.0},""Planning Time"":17.129,""Triggers"":[],""Execution Time"":1311.471}"
q3_product_id,transactions,product_id,high,gsi_on,cold,2,1328.019,17.219,1346.138,66,41,1599935,Foreign Scan,True,Multifile,38,4,0,850117185274e0ffa3edd55dfac7335f,"{""Plan"":{""Node Type"":""Foreign Scan"",""Operation"":""Select"",""Parallel Aware"":false,""Async Capable"":false,""Relation Name"":""transactions"",""Alias"":""transactions"",""Startup Cost"":8.0,""Total Cost"":8.41,""Plan Rows"":41,""Plan Width"":153,""Actual Startup Time"":28.188,""Actual Total Time"":1326.182,""Actual Rows"":66,""Actual Loops"":1,""Filter"":""((product_id)::text = '850117185274e0ffa3edd55dfac7335f'::text)"",""Rows Removed by Filter"":1599935,""Global Secondary Index"":""Active (B+ Tree Filter)"",""Reader"":""Multifile"",""Row groups"":""\n        transactions_chunk_0000.parquet: 1, 2\n        transactions_chunk_0002.parquet: 1, 2\n        transactions_chunk_0003.parquet: 1\n        transactions_chunk_0004.parquet: 1, 2\n        transactions_chunk_0005.parquet: 1, 2\n        transactions_chunk_0006.parquet: 1\n        transactions_chunk_0007.parquet: 1, 2\n        transactions_chunk_0008.parquet: 2\n        transactions_chunk_0009.parquet: 1, 2\n        transactions_chunk_0010.parquet: 1, 2\n        transactions_chunk_0011.parquet: 1, 2\n        transactions_chunk_0012.parquet: 1, 2\n        transactions_chunk_0013.parquet: 1\n        transactions_chunk_0014.parquet: 1, 2\n        transactions_chunk_0016.parquet: 1, 2\n        transactions_chunk_0017.parquet: 1, 2\n        transactions_chunk_0018.parquet: 1\n        transactions_chunk_0019.parquet: 1, 2\n        transactions_chunk_0020.parquet: 2\n        transactions_chunk_0021.parquet: 1, 2\n        transactions_chunk_0022.parquet: 1, 2\n        transactions_chunk_0023.parquet: 1, 2"",""Shared Hit Blocks"":4,""Shared Read Blocks"":0,""Shared Dirtied Blocks"":0,""Shared Written Blocks"":0,""Local Hit Blocks"":0,""Local Read Blocks"":0,""Local Dirtied Blocks"":0,""Local Written Blocks"":0,""Temp Read Blocks"":0,""Temp Written Blocks"":0,""I/O Read Time"":0.0,""I/O Write Time"":0.0,""Temp I/O Read Time"":0.0,""Temp I/O Write Time"":0.0},""Planning"":{""Shared Hit Blocks"":285,""Shared Read Blocks"":0,""Shared Dirtied Blocks"":0,""Shared Written Blocks"":0,""Local Hit Blocks"":0,""Local Read Blocks"":0,""Local Dirtied Blocks"":0,""Local Written Blocks"":0,""Temp Read Blocks"":0,""Temp Written Blocks"":0,""I/O Read Time"":0.0,""I/O Write Time"":0.0,""Temp I/O Read Time"":0.0,""Temp I/O Write Time"":0.0},""Planning Time"":17.219,""Triggers"":[],""Execution Time"":1328.019}"
q3_product_id,transactions,product_id,high,gsi_on,cold,3,1331.112,16.742,1348.781,66,41,1599935,Foreign Scan,True,Multifile,38,4,0,850117185274e0ffa3edd55dfac7335f,"{""Plan"":{""Node Type"":""Foreign Scan"",""Operation"":""Select"",""Parallel Aware"":false,""Async Capable"":false,""Relation Name"":""transactions"",""Alias"":""transactions"",""Startup Cost"":8.0,""Total Cost"":8.41,""Plan Rows"":41,""Plan Width"":153,""Actual Startup Time"":29.406,""Actual Total Time"":1329.031,""Actual Rows"":66,""Actual Loops"":1,""Filter"":""((product_id)::text = '850117185274e0ffa3edd55dfac7335f'::text)"",""Rows Removed by Filter"":1599935,""Global Secondary Index"":""Active (B+ Tree Filter)"",""Reader"":""Multifile"",""Row groups"":""\n        transactions_chunk_0000.parquet: 1, 2\n        transactions_chunk_0002.parquet: 1, 2\n        transactions_chunk_0003.parquet: 1\n        transactions_chunk_0004.parquet: 1, 2\n        transactions_chunk_0005.parquet: 1, 2\n        transactions_chunk_0006.parquet: 1\n        transactions_chunk_0007.parquet: 1, 2\n        transactions_chunk_0008.parquet: 2\n        transactions_chunk_0009.parquet: 1, 2\n        transactions_chunk_0010.parquet: 1, 2\n        transactions_chunk_0011.parquet: 1, 2\n        transactions_chunk_0012.parquet: 1, 2\n        transactions_chunk_0013.parquet: 1\n        transactions_chunk_0014.parquet: 1, 2\n        transactions_chunk_0016.parquet: 1, 2\n        transactions_chunk_0017.parquet: 1, 2\n        transactions_chunk_0018.parquet: 1\n        transactions_chunk_0019.parquet: 1, 2\n        transactions_chunk_0020.parquet: 2\n        transactions_chunk_0021.parquet: 1, 2\n        transactions_chunk_0022.parquet: 1, 2\n        transactions_chunk_0023.parquet: 1, 2"",""Shared Hit Blocks"":4,""Shared Read Blocks"":0,""Shared Dirtied Blocks"":0,""Shared Written Blocks"":0,""Local Hit Blocks"":0,""Local Read Blocks"":0,""Local Dirtied Blocks"":0,""Local Written Blocks"":0,""Temp Read Blocks"":0,""Temp Written Blocks"":0,""I/O Read Time"":0.0,""I/O Write Time"":0.0,""Temp I/O Read Time"":0.0,""Temp I/O Write Time"":0.0},""Planning"":{""Shared Hit Blocks"":285,""Shared Read Blocks"":0,""Shared Dirtied Blocks"":0,""Shared Written Blocks"":0,""Local Hit Blocks"":0,""Local Read Blocks"":0,""Local Dirtied Blocks"":0,""Local Written Blocks"":0,""Temp Read Blocks"":0,""Temp Written Blocks"":0,""I/O Read Time"":0.0,""I/O Write Time"":0.0,""Temp I/O Read Time"":0.0,""Temp I/O Write Time"":0.0},""Planning Time"":16.742,""Triggers"":[],""Execution Time"":1331.112}"
q3_product_id,transactions,product_id,high,gsi_on,cold,4,1286.274,15.647,1302.808,66,41,1599935,Foreign Scan,True,Multifile,38,4,0,850117185274e0ffa3edd55dfac7335f,"{""Plan"":{""Node Type"":""Foreign Scan"",""Operation"":""Select"",""Parallel Aware"":false,""Async Capable"":false,""Relation Name"":""transactions"",""Alias"":""transactions"",""Startup Cost"":8.0,""Total Cost"":8.41,""Plan Rows"":41,""Plan Width"":153,""Actual Startup Time"":27.886,""Actual Total Time"":1284.326,""Actual Rows"":66,""Actual Loops"":1,""Filter"":""((product_id)::text = '850117185274e0ffa3edd55dfac7335f'::text)"",""Rows Removed by Filter"":1599935,""Global Secondary Index"":""Active (B+ Tree Filter)"",""Reader"":""Multifile"",""Row groups"":""\n        transactions_chunk_0000.parquet: 1, 2\n        transactions_chunk_0002.parquet: 1, 2\n        transactions_chunk_0003.parquet: 1\n        transactions_chunk_0004.parquet: 1, 2\n        transactions_chunk_0005.parquet: 1, 2\n        transactions_chunk_0006.parquet: 1\n        transactions_chunk_0007.parquet: 1, 2\n        transactions_chunk_0008.parquet: 2\n        transactions_chunk_0009.parquet: 1, 2\n        transactions_chunk_0010.parquet: 1, 2\n        transactions_chunk_0011.parquet: 1, 2\n        transactions_chunk_0012.parquet: 1, 2\n        transactions_chunk_0013.parquet: 1\n        transactions_chunk_0014.parquet: 1, 2\n        transactions_chunk_0016.parquet: 1, 2\n        transactions_chunk_0017.parquet: 1, 2\n        transactions_chunk_0018.parquet: 1\n        transactions_chunk_0019.parquet: 1, 2\n        transactions_chunk_0020.parquet: 2\n        transactions_chunk_0021.parquet: 1, 2\n        transactions_chunk_0022.parquet: 1, 2\n        transactions_chunk_0023.parquet: 1, 2"",""Shared Hit Blocks"":4,""Shared Read Blocks"":0,""Shared Dirtied Blocks"":0,""Shared Written Blocks"":0,""Local Hit Blocks"":0,""Local Read Blocks"":0,""Local Dirtied Blocks"":0,""Local Written Blocks"":0,""Temp Read Blocks"":0,""Temp Written Blocks"":0,""I/O Read Time"":0.0,""I/O Write Time"":0.0,""Temp I/O Read Time"":0.0,""Temp I/O Write Time"":0.0},""Planning"":{""Shared Hit Blocks"":285,""Shared Read Blocks"":0,""Shared Dirtied Blocks"":0,""Shared Written Blocks"":0,""Local Hit Blocks"":0,""Local Read Blocks"":0,""Local Dirtied Blocks"":0,""Local Written Blocks"":0,""Temp Read Blocks"":0,""Temp Written Blocks"":0,""I/O Read Time"":0.0,""I/O Write Time"":0.0,""Temp I/O Read Time"":0.0,""Temp I/O Write Time"":0.0},""Planning Time"":15.647,""Triggers"":[],""Execution Time"":1286.274}"
q3_product_id,transactions,product_id,high,gsi_on,cold,5,1327.396,15.65,1344.159,66,41,1599935,Foreign Scan,True,Multifile,38,4,0,850117185274e0ffa3edd55dfac7335f,"{""Plan"":{""Node Type"":""Foreign Scan"",""Operation"":""Select"",""Parallel Aware"":false,""Async Capable"":false,""Relation Name"":""transactions"",""Alias"":""transactions"",""Startup Cost"":8.0,""Total Cost"":8.41,""Plan Rows"":41,""Plan Width"":153,""Actual Startup Time"":28.193,""Actual Total Time"":1325.543,""Actual Rows"":66,""Actual Loops"":1,""Filter"":""((product_id)::text = '850117185274e0ffa3edd55dfac7335f'::text)"",""Rows Removed by Filter"":1599935,""Global Secondary Index"":""Active (B+ Tree Filter)"",""Reader"":""Multifile"",""Row groups"":""\n        transactions_chunk_0000.parquet: 1, 2\n        transactions_chunk_0002.parquet: 1, 2\n        transactions_chunk_0003.parquet: 1\n        transactions_chunk_0004.parquet: 1, 2\n        transactions_chunk_0005.parquet: 1, 2\n        transactions_chunk_0006.parquet: 1\n        transactions_chunk_0007.parquet: 1, 2\n        transactions_chunk_0008.parquet: 2\n        transactions_chunk_0009.parquet: 1, 2\n        transactions_chunk_0010.parquet: 1, 2\n        transactions_chunk_0011.parquet: 1, 2\n        transactions_chunk_0012.parquet: 1, 2\n        transactions_chunk_0013.parquet: 1\n        transactions_chunk_0014.parquet: 1, 2\n        transactions_chunk_0016.parquet: 1, 2\n        transactions_chunk_0017.parquet: 1, 2\n        transactions_chunk_0018.parquet: 1\n        transactions_chunk_0019.parquet: 1, 2\n        transactions_chunk_0020.parquet: 2\n        transactions_chunk_0021.parquet: 1, 2\n        transactions_chunk_0022.parquet: 1, 2\n        transactions_chunk_0023.parquet: 1, 2"",""Shared Hit Blocks"":4,""Shared Read Blocks"":0,""Shared Dirtied Blocks"":0,""Shared Written Blocks"":0,""Local Hit Blocks"":0,""Local Read Blocks"":0,""Local Dirtied Blocks"":0,""Local Written Blocks"":0,""Temp Read Blocks"":0,""Temp Written Blocks"":0,""I/O Read Time"":0.0,""I/O Write Time"":0.0,""Temp I/O Read Time"":0.0,""Temp I/O Write Time"":0.0},""Planning"":{""Shared Hit Blocks"":285,""Shared Read Blocks"":0,""Shared Dirtied Blocks"":0,""Shared Written Blocks"":0,""Local Hit Blocks"":0,""Local Read Blocks"":0,""Local Dirtied Blocks"":0,""Local Written Blocks"":0,""Temp Read Blocks"":0,""Temp Written Blocks"":0,""I/O Read Time"":0.0,""I/O Write Time"":0.0,""Temp I/O Read Time"":0.0,""Temp I/O Write Time"":0.0},""Planning Time"":15.65,""Triggers"":[],""Execution Time"":1327.396}"
q3_product_id,transactions,product_id,high,gsi_on,warm,1,1286.999,2.028,1289.594,66,41,1599935,Foreign Scan,True,Multifile,38,0,0,850117185274e0ffa3edd55dfac7335f,"{""Plan"":{""Node Type"":""Foreign Scan"",""Operation"":""Select"",""Parallel Aware"":false,""Async Capable"":false,""Relation Name"":""transactions"",""Alias"":""transactions"",""Startup Cost"":8.0,""Total Cost"":8.41,""Plan Rows"":41,""Plan Width"":153,""Actual Startup Time"":20.946,""Actual Total Time"":1285.783,""Actual Rows"":66,""Actual Loops"":1,""Filter"":""((product_id)::text = '850117185274e0ffa3edd55dfac7335f'::text)"",""Rows Removed by Filter"":1599935,""Global Secondary Index"":""Active (B+ Tree Filter)"",""Reader"":""Multifile"",""Row groups"":""\n        transactions_chunk_0000.parquet: 1, 2\n        transactions_chunk_0002.parquet: 1, 2\n        transactions_chunk_0003.parquet: 1\n        transactions_chunk_0004.parquet: 1, 2\n        transactions_chunk_0005.parquet: 1, 2\n        transactions_chunk_0006.parquet: 1\n        transactions_chunk_0007.parquet: 1, 2\n        transactions_chunk_0008.parquet: 2\n        transactions_chunk_0009.parquet: 1, 2\n        transactions_chunk_0010.parquet: 1, 2\n        transactions_chunk_0011.parquet: 1, 2\n        transactions_chunk_0012.parquet: 1, 2\n        transactions_chunk_0013.parquet: 1\n        transactions_chunk_0014.parquet: 1, 2\n        transactions_chunk_0016.parquet: 1, 2\n        transactions_chunk_0017.parquet: 1, 2\n        transactions_chunk_0018.parquet: 1\n        transactions_chunk_0019.parquet: 1, 2\n        transactions_chunk_0020.parquet: 2\n        transactions_chunk_0021.parquet: 1, 2\n        transactions_chunk_0022.parquet: 1, 2\n        transactions_chunk_0023.parquet: 1, 2"",""Shared Hit Blocks"":0,""Shared Read Blocks"":0,""Shared Dirtied Blocks"":0,""Shared Written Blocks"":0,""Local Hit Blocks"":0,""Local Read Blocks"":0,""Local Dirtied Blocks"":0,""Local Written Blocks"":0,""Temp Read Blocks"":0,""Temp Written Blocks"":0,""I/O Read Time"":0.0,""I/O Write Time"":0.0,""Temp I/O Read Time"":0.0,""Temp I/O Write Time"":0.0},""Planning"":{""Shared Hit Blocks"":2,""Shared Read Blocks"":0,""Shared Dirtied Blocks"":0,""Shared Written Blocks"":0,""Local Hit Blocks"":0,""Local Read Blocks"":0,""Local Dirtied Blocks"":0,""Local Written Blocks"":0,""Temp Read Blocks"":0,""Temp Written Blocks"":0,""I/O Read Time"":0.0,""I/O Write Time"":0.0,""Temp I/O Read Time"":0.0,""Temp I/O Write Time"":0.0},""Planning Time"":2.028,""Triggers"":[],""Execution Time"":1286.999}"
q3_product_id,transactions,product_id,high,gsi_on,warm,2,1308.7,1.949,1311.205,66,41,1599935,Foreign Scan,True,Multifile,38,0,0,850117185274e0ffa3edd55dfac7335f,"{""Plan"":{""Node Type"":""Foreign Scan"",""Operation"":""Select"",""Parallel Aware"":false,""Async Capable"":false,""Relation Name"":""transactions"",""Alias"":""transactions"",""Startup Cost"":8.0,""Total Cost"":8.41,""Plan Rows"":41,""Plan Width"":153,""Actual Startup Time"":19.636,""Actual Total Time"":1307.35,""Actual Rows"":66,""Actual Loops"":1,""Filter"":""((product_id)::text = '850117185274e0ffa3edd55dfac7335f'::text)"",""Rows Removed by Filter"":1599935,""Global Secondary Index"":""Active (B+ Tree Filter)"",""Reader"":""Multifile"",""Row groups"":""\n        transactions_chunk_0000.parquet: 1, 2\n        transactions_chunk_0002.parquet: 1, 2\n        transactions_chunk_0003.parquet: 1\n        transactions_chunk_0004.parquet: 1, 2\n        transactions_chunk_0005.parquet: 1, 2\n        transactions_chunk_0006.parquet: 1\n        transactions_chunk_0007.parquet: 1, 2\n        transactions_chunk_0008.parquet: 2\n        transactions_chunk_0009.parquet: 1, 2\n        transactions_chunk_0010.parquet: 1, 2\n        transactions_chunk_0011.parquet: 1, 2\n        transactions_chunk_0012.parquet: 1, 2\n        transactions_chunk_0013.parquet: 1\n        transactions_chunk_0014.parquet: 1, 2\n        transactions_chunk_0016.parquet: 1, 2\n        transactions_chunk_0017.parquet: 1, 2\n        transactions_chunk_0018.parquet: 1\n        transactions_chunk_0019.parquet: 1, 2\n        transactions_chunk_0020.parquet: 2\n        transactions_chunk_0021.parquet: 1, 2\n        transactions_chunk_0022.parquet: 1, 2\n        transactions_chunk_0023.parquet: 1, 2"",""Shared Hit Blocks"":0,""Shared Read Blocks"":0,""Shared Dirtied Blocks"":0,""Shared Written Blocks"":0,""Local Hit Blocks"":0,""Local Read Blocks"":0,""Local Dirtied Blocks"":0,""Local Written Blocks"":0,""Temp Read Blocks"":0,""Temp Written Blocks"":0,""I/O Read Time"":0.0,""I/O Write Time"":0.0,""Temp I/O Read Time"":0.0,""Temp I/O Write Time"":0.0},""Planning"":{""Shared Hit Blocks"":2,""Shared Read Blocks"":0,""Shared Dirtied Blocks"":0,""Shared Written Blocks"":0,""Local Hit Blocks"":0,""Local Read Blocks"":0,""Local Dirtied Blocks"":0,""Local Written Blocks"":0,""Temp Read Blocks"":0,""Temp Written Blocks"":0,""I/O Read Time"":0.0,""I/O Write Time"":0.0,""Temp I/O Read Time"":0.0,""Temp I/O Write Time"":0.0},""Planning Time"":1.949,""Triggers"":[],""Execution Time"":1308.7}"
q3_product_id,transactions,product_id,high,gsi_on,warm,3,1299.541,2.295,1302.493,66,41,1599935,Foreign Scan,True,Multifile,38,0,0,850117185274e0ffa3edd55dfac7335f,"{""Plan"":{""Node Type"":""Foreign Scan"",""Operation"":""Select"",""Parallel Aware"":false,""Async Capable"":false,""Relation Name"":""transactions"",""Alias"":""transactions"",""Startup Cost"":8.0,""Total Cost"":8.41,""Plan Rows"":41,""Plan Width"":153,""Actual Startup Time"":19.726,""Actual Total Time"":1298.173,""Actual Rows"":66,""Actual Loops"":1,""Filter"":""((product_id)::text = '850117185274e0ffa3edd55dfac7335f'::text)"",""Rows Removed by Filter"":1599935,""Global Secondary Index"":""Active (B+ Tree Filter)"",""Reader"":""Multifile"",""Row groups"":""\n        transactions_chunk_0000.parquet: 1, 2\n        transactions_chunk_0002.parquet: 1, 2\n        transactions_chunk_0003.parquet: 1\n        transactions_chunk_0004.parquet: 1, 2\n        transactions_chunk_0005.parquet: 1, 2\n        transactions_chunk_0006.parquet: 1\n        transactions_chunk_0007.parquet: 1, 2\n        transactions_chunk_0008.parquet: 2\n        transactions_chunk_0009.parquet: 1, 2\n        transactions_chunk_0010.parquet: 1, 2\n        transactions_chunk_0011.parquet: 1, 2\n        transactions_chunk_0012.parquet: 1, 2\n        transactions_chunk_0013.parquet: 1\n        transactions_chunk_0014.parquet: 1, 2\n        transactions_chunk_0016.parquet: 1, 2\n        transactions_chunk_0017.parquet: 1, 2\n        transactions_chunk_0018.parquet: 1\n        transactions_chunk_0019.parquet: 1, 2\n        transactions_chunk_0020.parquet: 2\n        transactions_chunk_0021.parquet: 1, 2\n        transactions_chunk_0022.parquet: 1, 2\n        transactions_chunk_0023.parquet: 1, 2"",""Shared Hit Blocks"":0,""Shared Read Blocks"":0,""Shared Dirtied Blocks"":0,""Shared Written Blocks"":0,""Local Hit Blocks"":0,""Local Read Blocks"":0,""Local Dirtied Blocks"":0,""Local Written Blocks"":0,""Temp Read Blocks"":0,""Temp Written Blocks"":0,""I/O Read Time"":0.0,""I/O Write Time"":0.0,""Temp I/O Read Time"":0.0,""Temp I/O Write Time"":0.0},""Planning"":{""Shared Hit Blocks"":2,""Shared Read Blocks"":0,""Shared Dirtied Blocks"":0,""Shared Written Blocks"":0,""Local Hit Blocks"":0,""Local Read Blocks"":0,""Local Dirtied Blocks"":0,""Local Written Blocks"":0,""Temp Read Blocks"":0,""Temp Written Blocks"":0,""I/O Read Time"":0.0,""I/O Write Time"":0.0,""Temp I/O Read Time"":0.0,""Temp I/O Write Time"":0.0},""Planning Time"":2.295,""Triggers"":[],""Execution Time"":1299.541}"
q3_product_id,transactions,product_id,high,gsi_on,warm,4,1318.914,2.263,1321.748,66,41,1599935,Foreign Scan,True,Multifile,38,0,0,850117185274e0ffa3edd55dfac7335f,"{""Plan"":{""Node Type"":""Foreign Scan"",""Operation"":""Select"",""Parallel Aware"":false,""Async Capable"":false,""Relation Name"":""transactions"",""Alias"":""transactions"",""Startup Cost"":8.0,""Total Cost"":8.41,""Plan Rows"":41,""Plan Width"":153,""Actual Startup Time"":23.104,""Actual Total Time"":1317.603,""Actual Rows"":66,""Actual Loops"":1,""Filter"":""((product_id)::text = '850117185274e0ffa3edd55dfac7335f'::text)"",""Rows Removed by Filter"":1599935,""Global Secondary Index"":""Active (B+ Tree Filter)"",""Reader"":""Multifile"",""Row groups"":""\n        transactions_chunk_0000.parquet: 1, 2\n        transactions_chunk_0002.parquet: 1, 2\n        transactions_chunk_0003.parquet: 1\n        transactions_chunk_0004.parquet: 1, 2\n        transactions_chunk_0005.parquet: 1, 2\n        transactions_chunk_0006.parquet: 1\n        transactions_chunk_0007.parquet: 1, 2\n        transactions_chunk_0008.parquet: 2\n        transactions_chunk_0009.parquet: 1, 2\n        transactions_chunk_0010.parquet: 1, 2\n        transactions_chunk_0011.parquet: 1, 2\n        transactions_chunk_0012.parquet: 1, 2\n        transactions_chunk_0013.parquet: 1\n        transactions_chunk_0014.parquet: 1, 2\n        transactions_chunk_0016.parquet: 1, 2\n        transactions_chunk_0017.parquet: 1, 2\n        transactions_chunk_0018.parquet: 1\n        transactions_chunk_0019.parquet: 1, 2\n        transactions_chunk_0020.parquet: 2\n        transactions_chunk_0021.parquet: 1, 2\n        transactions_chunk_0022.parquet: 1, 2\n        transactions_chunk_0023.parquet: 1, 2"",""Shared Hit Blocks"":0,""Shared Read Blocks"":0,""Shared Dirtied Blocks"":0,""Shared Written Blocks"":0,""Local Hit Blocks"":0,""Local Read Blocks"":0,""Local Dirtied Blocks"":0,""Local Written Blocks"":0,""Temp Read Blocks"":0,""Temp Written Blocks"":0,""I/O Read Time"":0.0,""I/O Write Time"":0.0,""Temp I/O Read Time"":0.0,""Temp I/O Write Time"":0.0},""Planning"":{""Shared Hit Blocks"":2,""Shared Read Blocks"":0,""Shared Dirtied Blocks"":0,""Shared Written Blocks"":0,""Local Hit Blocks"":0,""Local Read Blocks"":0,""Local Dirtied Blocks"":0,""Local Written Blocks"":0,""Temp Read Blocks"":0,""Temp Written Blocks"":0,""I/O Read Time"":0.0,""I/O Write Time"":0.0,""Temp I/O Read Time"":0.0,""Temp I/O Write Time"":0.0},""Planning Time"":2.263,""Triggers"":[],""Execution Time"":1318.914}"
q3_product_id,transactions,product_id,high,gsi_on,warm,5,1263.962,1.9,1266.451,66,41,1599935,Foreign Scan,True,Multifile,38,0,0,850117185274e0ffa3edd55dfac7335f,"{""Plan"":{""Node Type"":""Foreign Scan"",""Operation"":""Select"",""Parallel Aware"":false,""Async Capable"":false,""Relation Name"":""transactions"",""Alias"":""transactions"",""Startup Cost"":8.0,""Total Cost"":8.41,""Plan Rows"":41,""Plan Width"":153,""Actual Startup Time"":19.808,""Actual Total Time"":1262.662,""Actual Rows"":66,""Actual Loops"":1,""Filter"":""((product_id)::text = '850117185274e0ffa3edd55dfac7335f'::text)"",""Rows Removed by Filter"":1599935,""Global Secondary Index"":""Active (B+ Tree Filter)"",""Reader"":""Multifile"",""Row groups"":""\n        transactions_chunk_0000.parquet: 1, 2\n        transactions_chunk_0002.parquet: 1, 2\n        transactions_chunk_0003.parquet: 1\n        transactions_chunk_0004.parquet: 1, 2\n        transactions_chunk_0005.parquet: 1, 2\n        transactions_chunk_0006.parquet: 1\n        transactions_chunk_0007.parquet: 1, 2\n        transactions_chunk_0008.parquet: 2\n        transactions_chunk_0009.parquet: 1, 2\n        transactions_chunk_0010.parquet: 1, 2\n        transactions_chunk_0011.parquet: 1, 2\n        transactions_chunk_0012.parquet: 1, 2\n        transactions_chunk_0013.parquet: 1\n        transactions_chunk_0014.parquet: 1, 2\n        transactions_chunk_0016.parquet: 1, 2\n        transactions_chunk_0017.parquet: 1, 2\n        transactions_chunk_0018.parquet: 1\n        transactions_chunk_0019.parquet: 1, 2\n        transactions_chunk_0020.parquet: 2\n        transactions_chunk_0021.parquet: 1, 2\n        transactions_chunk_0022.parquet: 1, 2\n        transactions_chunk_0023.parquet: 1, 2"",""Shared Hit Blocks"":0,""Shared Read Blocks"":0,""Shared Dirtied Blocks"":0,""Shared Written Blocks"":0,""Local Hit Blocks"":0,""Local Read Blocks"":0,""Local Dirtied Blocks"":0,""Local Written Blocks"":0,""Temp Read Blocks"":0,""Temp Written Blocks"":0,""I/O Read Time"":0.0,""I/O Write Time"":0.0,""Temp I/O Read Time"":0.0,""Temp I/O Write Time"":0.0},""Planning"":{""Shared Hit Blocks"":2,""Shared Read Blocks"":0,""Shared Dirtied Blocks"":0,""Shared Written Blocks"":0,""Local Hit Blocks"":0,""Local Read Blocks"":0,""Local Dirtied Blocks"":0,""Local Written Blocks"":0,""Temp Read Blocks"":0,""Temp Written Blocks"":0,""I/O Read Time"":0.0,""I/O Write Time"":0.0,""Temp I/O Read Time"":0.0,""Temp I/O Write Time"":0.0},""Planning Time"":1.9,""Triggers"":[],""Execution Time"":1263.962}"
q4_age,customers,age,low,gsi_on,cold,1,135.903,14.457,151.14,3246,3187,196754,Foreign Scan,True,Multifile,4,7,0,30,"{""Plan"":{""Node Type"":""Foreign Scan"",""Operation"":""Select"",""Parallel Aware"":false,""Async Capable"":false,""Relation Name"":""customers"",""Alias"":""customers"",""Startup Cost"":8.0,""Total Cost"":39.87,""Plan Rows"":3187,""Plan Width"":90,""Actual Startup Time"":14.523,""Actual Total Time"":135.115,""Actual Rows"":3246,""Actual Loops"":1,""Filter"":""(age = 30)"",""Rows Removed by Filter"":196754,""Global Secondary Index"":""Active (B+ Tree Filter)"",""Reader"":""Multifile"",""Row groups"":""\n        customers_chunk_0000.parquet: 1, 2\n        customers_chunk_0001.parquet: 1, 2"",""Shared Hit Blocks"":7,""Shared Read Blocks"":0,""Shared Dirtied Blocks"":0,""Shared Written Blocks"":0,""Local Hit Blocks"":0,""Local Read Blocks"":0,""Local Dirtied Blocks"":0,""Local Written Blocks"":0,""Temp Read Blocks"":0,""Temp Written Blocks"":0,""I/O Read Time"":0.0,""I/O Write Time"":0.0,""Temp I/O Read Time"":0.0,""Temp I/O Write Time"":0.0},""Planning"":{""Shared Hit Blocks"":323,""Shared Read Blocks"":0,""Shared Dirtied Blocks"":0,""Shared Written Blocks"":0,""Local Hit Blocks"":0,""Local Read Blocks"":0,""Local Dirtied Blocks"":0,""Local Written Blocks"":0,""Temp Read Blocks"":0,""Temp Written Blocks"":0,""I/O Read Time"":0.0,""I/O Write Time"":0.0,""Temp I/O Read Time"":0.0,""Temp I/O Write Time"":0.0},""Planning Time"":14.457,""Triggers"":[],""Execution Time"":135.903}"
q4_age,customers,age,low,gsi_on,cold,2,135.525,14.028,150.117,3246,3187,196754,Foreign Scan,True,Multifile,4,7,0,30,"{""Plan"":{""Node Type"":""Foreign Scan"",""Operation"":""Select"",""Parallel Aware"":false,""Async Capable"":false,""Relation Name"":""customers"",""Alias"":""customers"",""Startup Cost"":8.0,""Total Cost"":39.87,""Plan Rows"":3187,""Plan Width"":90,""Actual Startup Time"":13.664,""Actual Total Time"":134.863,""Actual Rows"":3246,""Actual Loops"":1,""Filter"":""(age = 30)"",""Rows Removed by Filter"":196754,""Global Secondary Index"":""Active (B+ Tree Filter)"",""Reader"":""Multifile"",""Row groups"":""\n        customers_chunk_0000.parquet: 1, 2\n        customers_chunk_0001.parquet: 1, 2"",""Shared Hit Blocks"":7,""Shared Read Blocks"":0,""Shared Dirtied Blocks"":0,""Shared Written Blocks"":0,""Local Hit Blocks"":0,""Local Read Blocks"":0,""Local Dirtied Blocks"":0,""Local Written Blocks"":0,""Temp Read Blocks"":0,""Temp Written Blocks"":0,""I/O Read Time"":0.0,""I/O Write Time"":0.0,""Temp I/O Read Time"":0.0,""Temp I/O Write Time"":0.0},""Planning"":{""Shared Hit Blocks"":323,""Shared Read Blocks"":0,""Shared Dirtied Blocks"":0,""Shared Written Blocks"":0,""Local Hit Blocks"":0,""Local Read Blocks"":0,""Local Dirtied Blocks"":0,""Local Written Blocks"":0,""Temp Read Blocks"":0,""Temp Written Blocks"":0,""I/O Read Time"":0.0,""I/O Write Time"":0.0,""Temp I/O Read Time"":0.0,""Temp I/O Write Time"":0.0},""Planning Time"":14.028,""Triggers"":[],""Execution Time"":135.525}"
q4_age,customers,age,low,gsi_on,cold,3,135.113,14.681,150.496,3246,3187,196754,Foreign Scan,True,Multifile,4,7,0,30,"{""Plan"":{""Node Type"":""Foreign Scan"",""Operation"":""Select"",""Parallel Aware"":false,""Async Capable"":false,""Relation Name"":""customers"",""Alias"":""customers"",""Startup Cost"":8.0,""Total Cost"":39.87,""Plan Rows"":3187,""Plan Width"":90,""Actual Startup Time"":12.753,""Actual Total Time"":134.413,""Actual Rows"":3246,""Actual Loops"":1,""Filter"":""(age = 30)"",""Rows Removed by Filter"":196754,""Global Secondary Index"":""Active (B+ Tree Filter)"",""Reader"":""Multifile"",""Row groups"":""\n        customers_chunk_0000.parquet: 1, 2\n        customers_chunk_0001.parquet: 1, 2"",""Shared Hit Blocks"":7,""Shared Read Blocks"":0,""Shared Dirtied Blocks"":0,""Shared Written Blocks"":0,""Local Hit Blocks"":0,""Local Read Blocks"":0,""Local Dirtied Blocks"":0,""Local Written Blocks"":0,""Temp Read Blocks"":0,""Temp Written Blocks"":0,""I/O Read Time"":0.0,""I/O Write Time"":0.0,""Temp I/O Read Time"":0.0,""Temp I/O Write Time"":0.0},""Planning"":{""Shared Hit Blocks"":323,""Shared Read Blocks"":0,""Shared Dirtied Blocks"":0,""Shared Written Blocks"":0,""Local Hit Blocks"":0,""Local Read Blocks"":0,""Local Dirtied Blocks"":0,""Local Written Blocks"":0,""Temp Read Blocks"":0,""Temp Written Blocks"":0,""I/O Read Time"":0.0,""I/O Write Time"":0.0,""Temp I/O Read Time"":0.0,""Temp I/O Write Time"":0.0},""Planning Time"":14.681,""Triggers"":[],""Execution Time"":135.113}"
q4_age,customers,age,low,gsi_on,cold,4,134.362,15.336,150.304,3246,3187,196754,Foreign Scan,True,Multifile,4,7,0,30,"{""Plan"":{""Node Type"":""Foreign Scan"",""Operation"":""Select"",""Parallel Aware"":false,""Async Capable"":false,""Relation Name"":""customers"",""Alias"":""customers"",""Startup Cost"":8.0,""Total Cost"":39.87,""Plan Rows"":3187,""Plan Width"":90,""Actual Startup Time"":12.968,""Actual Total Time"":133.74,""Actual Rows"":3246,""Actual Loops"":1,""Filter"":""(age = 30)"",""Rows Removed by Filter"":196754,""Global Secondary Index"":""Active (B+ Tree Filter)"",""Reader"":""Multifile"",""Row groups"":""\n        customers_chunk_0000.parquet: 1, 2\n        customers_chunk_0001.parquet: 1, 2"",""Shared Hit Blocks"":7,""Shared Read Blocks"":0,""Shared Dirtied Blocks"":0,""Shared Written Blocks"":0,""Local Hit Blocks"":0,""Local Read Blocks"":0,""Local Dirtied Blocks"":0,""Local Written Blocks"":0,""Temp Read Blocks"":0,""Temp Written Blocks"":0,""I/O Read Time"":0.0,""I/O Write Time"":0.0,""Temp I/O Read Time"":0.0,""Temp I/O Write Time"":0.0},""Planning"":{""Shared Hit Blocks"":323,""Shared Read Blocks"":0,""Shared Dirtied Blocks"":0,""Shared Written Blocks"":0,""Local Hit Blocks"":0,""Local Read Blocks"":0,""Local Dirtied Blocks"":0,""Local Written Blocks"":0,""Temp Read Blocks"":0,""Temp Written Blocks"":0,""I/O Read Time"":0.0,""I/O Write Time"":0.0,""Temp I/O Read Time"":0.0,""Temp I/O Write Time"":0.0},""Planning Time"":15.336,""Triggers"":[],""Execution Time"":134.362}"
q4_age,customers,age,low,gsi_on,cold,5,134.472,14.741,149.852,3246,3187,196754,Foreign Scan,True,Multifile,4,7,0,30,"{""Plan"":{""Node Type"":""Foreign Scan"",""Operation"":""Select"",""Parallel Aware"":false,""Async Capable"":false,""Relation Name"":""customers"",""Alias"":""customers"",""Startup Cost"":8.0,""Total Cost"":39.87,""Plan Rows"":3187,""Plan Width"":90,""Actual Startup Time"":13.576,""Actual Total Time"":133.853,""Actual Rows"":3246,""Actual Loops"":1,""Filter"":""(age = 30)"",""Rows Removed by Filter"":196754,""Global Secondary Index"":""Active (B+ Tree Filter)"",""Reader"":""Multifile"",""Row groups"":""\n        customers_chunk_0000.parquet: 1, 2\n        customers_chunk_0001.parquet: 1, 2"",""Shared Hit Blocks"":7,""Shared Read Blocks"":0,""Shared Dirtied Blocks"":0,""Shared Written Blocks"":0,""Local Hit Blocks"":0,""Local Read Blocks"":0,""Local Dirtied Blocks"":0,""Local Written Blocks"":0,""Temp Read Blocks"":0,""Temp Written Blocks"":0,""I/O Read Time"":0.0,""I/O Write Time"":0.0,""Temp I/O Read Time"":0.0,""Temp I/O Write Time"":0.0},""Planning"":{""Shared Hit Blocks"":323,""Shared Read Blocks"":0,""Shared Dirtied Blocks"":0,""Shared Written Blocks"":0,""Local Hit Blocks"":0,""Local Read Blocks"":0,""Local Dirtied Blocks"":0,""Local Written Blocks"":0,""Temp Read Blocks"":0,""Temp Written Blocks"":0,""I/O Read Time"":0.0,""I/O Write Time"":0.0,""Temp I/O Read Time"":0.0,""Temp I/O Write Time"":0.0},""Planning Time"":14.741,""Triggers"":[],""Execution Time"":134.472}"
q4_age,customers,age,low,gsi_on,warm,1,122.435,0.348,123.268,3246,3187,196754,Foreign Scan,True,Multifile,4,0,0,30,"{""Plan"":{""Node Type"":""Foreign Scan"",""Operation"":""Select"",""Parallel Aware"":false,""Async Capable"":false,""Relation Name"":""customers"",""Alias"":""customers"",""Startup Cost"":8.0,""Total Cost"":39.87,""Plan Rows"":3187,""Plan Width"":90,""Actual Startup Time"":7.713,""Actual Total Time"":122.16,""Actual Rows"":3246,""Actual Loops"":1,""Filter"":""(age = 30)"",""Rows Removed by Filter"":196754,""Global Secondary Index"":""Active (B+ Tree Filter)"",""Reader"":""Multifile"",""Row groups"":""\n        customers_chunk_0000.parquet: 1, 2\n        customers_chunk_0001.parquet: 1, 2"",""Shared Hit Blocks"":0,""Shared Read Blocks"":0,""Shared Dirtied Blocks"":0,""Shared Written Blocks"":0,""Local Hit Blocks"":0,""Local Read Blocks"":0,""Local Dirtied Blocks"":0,""Local Written Blocks"":0,""Temp Read Blocks"":0,""Temp Written Blocks"":0,""I/O Read Time"":0.0,""I/O Write Time"":0.0,""Temp I/O Read Time"":0.0,""Temp I/O Write Time"":0.0},""Planning"":{""Shared Hit Blocks"":15,""Shared Read Blocks"":0,""Shared Dirtied Blocks"":0,""Shared Written Blocks"":0,""Local Hit Blocks"":0,""Local Read Blocks"":0,""Local Dirtied Blocks"":0,""Local Written Blocks"":0,""Temp Read Blocks"":0,""Temp Written Blocks"":0,""I/O Read Time"":0.0,""I/O Write Time"":0.0,""Temp I/O Read Time"":0.0,""Temp I/O Write Time"":0.0},""Planning Time"":0.348,""Triggers"":[],""Execution Time"":122.435}"
q4_age,customers,age,low,gsi_on,warm,2,125.753,0.337,126.745,3246,3187,196754,Foreign Scan,True,Multifile,4,0,0,30,"{""Plan"":{""Node Type"":""Foreign Scan"",""Operation"":""Select"",""Parallel Aware"":false,""Async Capable"":false,""Relation Name"":""customers"",""Alias"":""customers"",""Startup Cost"":8.0,""Total Cost"":39.87,""Plan Rows"":3187,""Plan Width"":90,""Actual Startup Time"":7.341,""Actual Total Time"":125.48,""Actual Rows"":3246,""Actual Loops"":1,""Filter"":""(age = 30)"",""Rows Removed by Filter"":196754,""Global Secondary Index"":""Active (B+ Tree Filter)"",""Reader"":""Multifile"",""Row groups"":""\n        customers_chunk_0000.parquet: 1, 2\n        customers_chunk_0001.parquet: 1, 2"",""Shared Hit Blocks"":0,""Shared Read Blocks"":0,""Shared Dirtied Blocks"":0,""Shared Written Blocks"":0,""Local Hit Blocks"":0,""Local Read Blocks"":0,""Local Dirtied Blocks"":0,""Local Written Blocks"":0,""Temp Read Blocks"":0,""Temp Written Blocks"":0,""I/O Read Time"":0.0,""I/O Write Time"":0.0,""Temp I/O Read Time"":0.0,""Temp I/O Write Time"":0.0},""Planning"":{""Shared Hit Blocks"":15,""Shared Read Blocks"":0,""Shared Dirtied Blocks"":0,""Shared Written Blocks"":0,""Local Hit Blocks"":0,""Local Read Blocks"":0,""Local Dirtied Blocks"":0,""Local Written Blocks"":0,""Temp Read Blocks"":0,""Temp Written Blocks"":0,""I/O Read Time"":0.0,""I/O Write Time"":0.0,""Temp I/O Read Time"":0.0,""Temp I/O Write Time"":0.0},""Planning Time"":0.337,""Triggers"":[],""Execution Time"":125.753}"
q4_age,customers,age,low,gsi_on,warm,3,118.473,0.475,119.474,3246,3187,196754,Foreign Scan,True,Multifile,4,0,0,30,"{""Plan"":{""Node Type"":""Foreign Scan"",""Operation"":""Select"",""Parallel Aware"":false,""Async Capable"":false,""Relation Name"":""customers"",""Alias"":""customers"",""Startup Cost"":8.0,""Total Cost"":39.87,""Plan Rows"":3187,""Plan Width"":90,""Actual Startup Time"":7.821,""Actual Total Time"":118.188,""Actual Rows"":3246,""Actual Loops"":1,""Filter"":""(age = 30)"",""Rows Removed by Filter"":196754,""Global Secondary Index"":""Active (B+ Tree Filter)"",""Reader"":""Multifile"",""Row groups"":""\n        customers_chunk_0000.parquet: 1, 2\n        customers_chunk_0001.parquet: 1, 2"",""Shared Hit Blocks"":0,""Shared Read Blocks"":0,""Shared Dirtied Blocks"":0,""Shared Written Blocks"":0,""Local Hit Blocks"":0,""Local Read Blocks"":0,""Local Dirtied Blocks"":0,""Local Written Blocks"":0,""Temp Read Blocks"":0,""Temp Written Blocks"":0,""I/O Read Time"":0.0,""I/O Write Time"":0.0,""Temp I/O Read Time"":0.0,""Temp I/O Write Time"":0.0},""Planning"":{""Shared Hit Blocks"":15,""Shared Read Blocks"":0,""Shared Dirtied Blocks"":0,""Shared Written Blocks"":0,""Local Hit Blocks"":0,""Local Read Blocks"":0,""Local Dirtied Blocks"":0,""Local Written Blocks"":0,""Temp Read Blocks"":0,""Temp Written Blocks"":0,""I/O Read Time"":0.0,""I/O Write Time"":0.0,""Temp I/O Read Time"":0.0,""Temp I/O Write Time"":0.0},""Planning Time"":0.475,""Triggers"":[],""Execution Time"":118.473}"
q4_age,customers,age,low,gsi_on,warm,4,119.365,0.332,120.327,3246,3187,196754,Foreign Scan,True,Multifile,4,0,0,30,"{""Plan"":{""Node Type"":""Foreign Scan"",""Operation"":""Select"",""Parallel Aware"":false,""Async Capable"":false,""Relation Name"":""customers"",""Alias"":""customers"",""Startup Cost"":8.0,""Total Cost"":39.87,""Plan Rows"":3187,""Plan Width"":90,""Actual Startup Time"":7.053,""Actual Total Time"":119.095,""Actual Rows"":3246,""Actual Loops"":1,""Filter"":""(age = 30)"",""Rows Removed by Filter"":196754,""Global Secondary Index"":""Active (B+ Tree Filter)"",""Reader"":""Multifile"",""Row groups"":""\n        customers_chunk_0000.parquet: 1, 2\n        customers_chunk_0001.parquet: 1, 2"",""Shared Hit Blocks"":0,""Shared Read Blocks"":0,""Shared Dirtied Blocks"":0,""Shared Written Blocks"":0,""Local Hit Blocks"":0,""Local Read Blocks"":0,""Local Dirtied Blocks"":0,""Local Written Blocks"":0,""Temp Read Blocks"":0,""Temp Written Blocks"":0,""I/O Read Time"":0.0,""I/O Write Time"":0.0,""Temp I/O Read Time"":0.0,""Temp I/O Write Time"":0.0},""Planning"":{""Shared Hit Blocks"":15,""Shared Read Blocks"":0,""Shared Dirtied Blocks"":0,""Shared Written Blocks"":0,""Local Hit Blocks"":0,""Local Read Blocks"":0,""Local Dirtied Blocks"":0,""Local Written Blocks"":0,""Temp Read Blocks"":0,""Temp Written Blocks"":0,""I/O Read Time"":0.0,""I/O Write Time"":0.0,""Temp I/O Read Time"":0.0,""Temp I/O Write Time"":0.0},""Planning Time"":0.332,""Triggers"":[],""Execution Time"":119.365}"
q4_age,customers,age,low,gsi_on,warm,5,123.374,0.346,124.348,3246,3187,196754,Foreign Scan,True,Multifile,4,0,0,30,"{""Plan"":{""Node Type"":""Foreign Scan"",""Operation"":""Select"",""Parallel Aware"":false,""Async Capable"":false,""Relation Name"":""customers"",""Alias"":""customers"",""Startup Cost"":8.0,""Total Cost"":39.87,""Plan Rows"":3187,""Plan Width"":90,""Actual Startup Time"":7.165,""Actual Total Time"":123.104,""Actual Rows"":3246,""Actual Loops"":1,""Filter"":""(age = 30)"",""Rows Removed by Filter"":196754,""Global Secondary Index"":""Active (B+ Tree Filter)"",""Reader"":""Multifile"",""Row groups"":""\n        customers_chunk_0000.parquet: 1, 2\n        customers_chunk_0001.parquet: 1, 2"",""Shared Hit Blocks"":0,""Shared Read Blocks"":0,""Shared Dirtied Blocks"":0,""Shared Written Blocks"":0,""Local Hit Blocks"":0,""Local Read Blocks"":0,""Local Dirtied Blocks"":0,""Local Written Blocks"":0,""Temp Read Blocks"":0,""Temp Written Blocks"":0,""I/O Read Time"":0.0,""I/O Write Time"":0.0,""Temp I/O Read Time"":0.0,""Temp I/O Write Time"":0.0},""Planning"":{""Shared Hit Blocks"":15,""Shared Read Blocks"":0,""Shared Dirtied Blocks"":0,""Shared Written Blocks"":0,""Local Hit Blocks"":0,""Local Read Blocks"":0,""Local Dirtied Blocks"":0,""Local Written Blocks"":0,""Temp Read Blocks"":0,""Temp Written Blocks"":0,""I/O Read Time"":0.0,""I/O Write Time"":0.0,""Temp I/O Read Time"":0.0,""Temp I/O Write Time"":0.0},""Planning Time"":0.346,""Triggers"":[],""Execution Time"":123.374}"
